video_id,source_video,true_label,pred_label,score_violence
hockey_hockey_000010_aee37e273b18,data\merged\videos\non_violence\hockey_000010.avi,0,0,3.5762786865234375e-06
hockey_hockey_000014_bff991765c29,data\merged\videos\violence\hockey_000014.avi,1,1,1.0
hockey_hockey_000018_049f50eb2c8f,data\merged\videos\non_violence\hockey_000018.avi,0,0,0.00029468536376953125
hockey_hockey_000021_9aaf3b4e921a,data\merged\videos\violence\hockey_000021.avi,1,1,1.0
hockey_hockey_000030_c339adac190d,data\merged\videos\violence\hockey_000030.avi,1,1,1.0
hockey_hockey_000031_d06b162ff187,data\merged\videos\violence\hockey_000031.avi,1,1,1.0
hockey_hockey_000032_512fa6a7be98,data\merged\videos\violence\hockey_000032.avi,1,1,1.0
hockey_hockey_000041_7b9ff070e52e,data\merged\videos\non_violence\hockey_000041.avi,0,0,0.00011414289474487305
hockey_hockey_000043_0f852a214abe,data\merged\videos\violence\hockey_000043.avi,1,1,1.0
hockey_hockey_000045_070c19ae3401,data\merged\videos\non_violence\hockey_000045.avi,0,0,6.854534149169922e-06
hockey_hockey_000047_e5697219ce67,data\merged\videos\non_violence\hockey_000047.avi,0,0,1.7285346984863281e-06
hockey_hockey_000049_c7213d6f6f90,data\merged\videos\violence\hockey_000049.avi,1,1,1.0
hockey_hockey_000053_30b387318db2,data\merged\videos\violence\hockey_000053.avi,1,1,1.0
hockey_hockey_000055_faf08156a615,data\merged\videos\violence\hockey_000055.avi,1,0,0.0007424354553222656
hockey_hockey_000058_d0235f69f681,data\merged\videos\non_violence\hockey_000058.avi,0,0,0.0001436471939086914
hockey_hockey_000059_5b07257a5e2c,data\merged\videos\violence\hockey_000059.avi,1,1,1.0
hockey_hockey_000062_684152f981dd,data\merged\videos\non_violence\hockey_000062.avi,0,0,2.1636486053466797e-05
hockey_hockey_000070_8f1ae083b95a,data\merged\videos\violence\hockey_000070.avi,1,1,1.0
hockey_hockey_000072_50b6ceb3c9f5,data\merged\videos\non_violence\hockey_000072.avi,0,0,9.244680404663086e-05
hockey_hockey_000073_67b1266e44eb,data\merged\videos\violence\hockey_000073.avi,1,1,1.0
hockey_hockey_000080_d0aea51b7f81,data\merged\videos\non_violence\hockey_000080.avi,0,0,0.0002834796905517578
hockey_hockey_000082_35c47b6820d0,data\merged\videos\non_violence\hockey_000082.avi,0,0,2.682209014892578e-06
hockey_hockey_000082_48eedddda389,data\merged\videos\violence\hockey_000082.avi,1,1,1.0
hockey_hockey_000085_ac9ef8480af1,data\merged\videos\non_violence\hockey_000085.avi,0,0,0.165283203125
hockey_hockey_000086_78bc20b23563,data\merged\videos\non_violence\hockey_000086.avi,0,0,4.792213439941406e-05
hockey_hockey_000100_43f54929d077,data\merged\videos\non_violence\hockey_000100.avi,0,0,8.463859558105469e-06
hockey_hockey_000104_eb37aad0cb10,data\merged\videos\violence\hockey_000104.avi,1,1,1.0
hockey_hockey_000107_23b306f352e1,data\merged\videos\non_violence\hockey_000107.avi,0,0,2.8192996978759766e-05
hockey_hockey_000115_3e60a8e9abe3,data\merged\videos\non_violence\hockey_000115.avi,0,0,0.00030303001403808594
hockey_hockey_000116_f2113ced50ba,data\merged\videos\violence\hockey_000116.avi,1,1,1.0
hockey_hockey_000117_3eabe29e124f,data\merged\videos\non_violence\hockey_000117.avi,0,0,6.711483001708984e-05
hockey_hockey_000118_1246434d5b91,data\merged\videos\non_violence\hockey_000118.avi,0,0,0.00011324882507324219
hockey_hockey_000123_1b7a8545f725,data\merged\videos\non_violence\hockey_000123.avi,0,0,0.004100799560546875
hockey_hockey_000125_67eb3e3dd723,data\merged\videos\violence\hockey_000125.avi,1,1,1.0
hockey_hockey_000126_0154ce0653e5,data\merged\videos\non_violence\hockey_000126.avi,0,0,0.0001233816146850586
hockey_hockey_000128_f7f94fa23439,data\merged\videos\violence\hockey_000128.avi,1,1,1.0
hockey_hockey_000134_0fa686bb4f46,data\merged\videos\non_violence\hockey_000134.avi,0,0,3.8683414459228516e-05
hockey_hockey_000136_a1fdbb3d3fd5,data\merged\videos\non_violence\hockey_000136.avi,0,0,0.00042057037353515625
hockey_hockey_000140_042b8cc15ac3,data\merged\videos\violence\hockey_000140.avi,1,1,1.0
hockey_hockey_000153_c596493b93dc,data\merged\videos\non_violence\hockey_000153.avi,0,0,0.00234222412109375
hockey_hockey_000157_8b914799c921,data\merged\videos\non_violence\hockey_000157.avi,0,0,2.3305416107177734e-05
hockey_hockey_000159_36dc5524def5,data\merged\videos\violence\hockey_000159.avi,1,1,1.0
hockey_hockey_000160_e03dbedd8ee7,data\merged\videos\violence\hockey_000160.avi,1,1,1.0
hockey_hockey_000163_614475786c49,data\merged\videos\violence\hockey_000163.avi,1,1,1.0
hockey_hockey_000163_be460265e500,data\merged\videos\non_violence\hockey_000163.avi,0,0,1.7762184143066406e-05
hockey_hockey_000166_02147fb527e0,data\merged\videos\violence\hockey_000166.avi,1,1,1.0
hockey_hockey_000167_94fd0b4de934,data\merged\videos\non_violence\hockey_000167.avi,0,0,0.0001596212387084961
hockey_hockey_000171_0aa5b188506a,data\merged\videos\violence\hockey_000171.avi,1,1,1.0
hockey_hockey_000174_dc0cd7df8520,data\merged\videos\violence\hockey_000174.avi,1,1,1.0
hockey_hockey_000198_bc98cf3bc991,data\merged\videos\violence\hockey_000198.avi,1,1,1.0
hockey_hockey_000199_a66041a315e8,data\merged\videos\non_violence\hockey_000199.avi,0,0,0.00014197826385498047
hockey_hockey_000212_2e08194b3bc3,data\merged\videos\non_violence\hockey_000212.avi,0,0,2.384185791015625e-05
hockey_hockey_000212_975b0b83e63d,data\merged\videos\violence\hockey_000212.avi,1,1,1.0
hockey_hockey_000213_48d2d955ffc5,data\merged\videos\violence\hockey_000213.avi,1,1,1.0
hockey_hockey_000221_b998725cfb76,data\merged\videos\violence\hockey_000221.avi,1,1,1.0
hockey_hockey_000223_71c3f3b6502f,data\merged\videos\non_violence\hockey_000223.avi,0,0,6.35385513305664e-05
hockey_hockey_000232_e9f122bd3a45,data\merged\videos\non_violence\hockey_000232.avi,0,0,0.00023055076599121094
hockey_hockey_000233_55836e832794,data\merged\videos\violence\hockey_000233.avi,1,1,1.0
hockey_hockey_000234_c052e9e24487,data\merged\videos\non_violence\hockey_000234.avi,0,0,5.7816505432128906e-05
hockey_hockey_000239_ef9ae1e1c528,data\merged\videos\non_violence\hockey_000239.avi,0,0,4.595518112182617e-05
hockey_hockey_000244_6f928e847aae,data\merged\videos\non_violence\hockey_000244.avi,0,0,2.9087066650390625e-05
hockey_hockey_000244_a59594b357e8,data\merged\videos\violence\hockey_000244.avi,1,1,1.0
hockey_hockey_000246_5f8985fcb0a9,data\merged\videos\violence\hockey_000246.avi,1,1,1.0
hockey_hockey_000249_3a98b4181961,data\merged\videos\violence\hockey_000249.avi,1,1,1.0
hockey_hockey_000252_6eecc36bf452,data\merged\videos\non_violence\hockey_000252.avi,0,0,8.285045623779297e-05
hockey_hockey_000264_a08a0fc91867,data\merged\videos\violence\hockey_000264.avi,1,1,1.0
hockey_hockey_000268_cd6dd83b315e,data\merged\videos\violence\hockey_000268.avi,1,1,1.0
hockey_hockey_000269_98e738e381f1,data\merged\videos\violence\hockey_000269.avi,1,1,1.0
hockey_hockey_000272_09f5ce1b8392,data\merged\videos\violence\hockey_000272.avi,1,1,1.0
hockey_hockey_000274_f66de055a94e,data\merged\videos\violence\hockey_000274.avi,1,1,1.0
hockey_hockey_000275_a70bbe18b1af,data\merged\videos\non_violence\hockey_000275.avi,0,0,9.5367431640625e-05
hockey_hockey_000279_795974bfef9e,data\merged\videos\violence\hockey_000279.avi,1,1,1.0
hockey_hockey_000281_14ca3c863ff7,data\merged\videos\violence\hockey_000281.avi,1,1,1.0
hockey_hockey_000288_1ab1d078550f,data\merged\videos\violence\hockey_000288.avi,1,1,1.0
hockey_hockey_000290_83ea5d2bd6ae,data\merged\videos\violence\hockey_000290.avi,1,1,1.0
hockey_hockey_000290_845fe501a2c0,data\merged\videos\non_violence\hockey_000290.avi,0,0,2.300739288330078e-05
hockey_hockey_000293_995f71e14330,data\merged\videos\violence\hockey_000293.avi,1,1,0.99951171875
hockey_hockey_000297_2e55e347c29d,data\merged\videos\non_violence\hockey_000297.avi,0,0,4.231929779052734e-06
hockey_hockey_000297_5e4c2dde6a8b,data\merged\videos\violence\hockey_000297.avi,1,1,1.0
hockey_hockey_000299_ce1aa5de423a,data\merged\videos\non_violence\hockey_000299.avi,0,0,0.000125885009765625
hockey_hockey_000301_3f5fd81178a6,data\merged\videos\non_violence\hockey_000301.avi,0,0,0.0004467964172363281
hockey_hockey_000302_c4224d7b6c33,data\merged\videos\violence\hockey_000302.avi,1,1,1.0
hockey_hockey_000304_cbc057187a3e,data\merged\videos\non_violence\hockey_000304.avi,0,0,0.0015544891357421875
hockey_hockey_000306_e5803c7ae85b,data\merged\videos\non_violence\hockey_000306.avi,0,0,3.8683414459228516e-05
hockey_hockey_000308_d6b2cefc8cf7,data\merged\videos\non_violence\hockey_000308.avi,0,0,0.0006814002990722656
hockey_hockey_000314_c6952402cd0b,data\merged\videos\violence\hockey_000314.avi,1,1,1.0
hockey_hockey_000316_294eef89fc99,data\merged\videos\violence\hockey_000316.avi,1,1,1.0
hockey_hockey_000316_9af43e9b517d,data\merged\videos\non_violence\hockey_000316.avi,0,0,6.085634231567383e-05
hockey_hockey_000318_c55c464a61ec,data\merged\videos\non_violence\hockey_000318.avi,0,0,0.00012731552124023438
hockey_hockey_000319_9749ff98f021,data\merged\videos\non_violence\hockey_000319.avi,0,0,5.161762237548828e-05
hockey_hockey_000322_133415cf38ab,data\merged\videos\non_violence\hockey_000322.avi,0,0,0.00022780895233154297
hockey_hockey_000325_311b2cb5ae95,data\merged\videos\violence\hockey_000325.avi,1,1,1.0
hockey_hockey_000325_d8e0955031d7,data\merged\videos\non_violence\hockey_000325.avi,0,0,0.00015532970428466797
hockey_hockey_000327_f4945b5fa851,data\merged\videos\violence\hockey_000327.avi,1,1,1.0
hockey_hockey_000333_a9e03940bff7,data\merged\videos\violence\hockey_000333.avi,1,1,1.0
hockey_hockey_000334_681db43efed4,data\merged\videos\non_violence\hockey_000334.avi,0,1,0.86328125
hockey_hockey_000335_c22832551fb3,data\merged\videos\non_violence\hockey_000335.avi,0,0,6.735324859619141e-06
hockey_hockey_000336_fc193d93c703,data\merged\videos\non_violence\hockey_000336.avi,0,0,6.735324859619141e-06
hockey_hockey_000345_0ce1754593f0,data\merged\videos\non_violence\hockey_000345.avi,0,0,7.003545761108398e-05
hockey_hockey_000352_10d839909e64,data\merged\videos\violence\hockey_000352.avi,1,1,1.0
hockey_hockey_000355_bb556b1ae1e8,data\merged\videos\non_violence\hockey_000355.avi,0,0,0.00047850608825683594
hockey_hockey_000357_d6b956f1d558,data\merged\videos\violence\hockey_000357.avi,1,1,1.0
hockey_hockey_000370_48a185eeebea,data\merged\videos\violence\hockey_000370.avi,1,1,1.0
hockey_hockey_000371_b0d18bd01c14,data\merged\videos\violence\hockey_000371.avi,1,1,1.0
hockey_hockey_000373_0fbfc3081e75,data\merged\videos\non_violence\hockey_000373.avi,0,0,0.0003845691680908203
hockey_hockey_000375_68ec3db576ed,data\merged\videos\violence\hockey_000375.avi,1,1,1.0
hockey_hockey_000377_a813abcd75e3,data\merged\videos\non_violence\hockey_000377.avi,0,0,0.0015277862548828125
hockey_hockey_000379_fa93ec92f407,data\merged\videos\violence\hockey_000379.avi,1,1,1.0
hockey_hockey_000382_568d5383cc47,data\merged\videos\violence\hockey_000382.avi,1,1,1.0
hockey_hockey_000391_0d164db62b4d,data\merged\videos\non_violence\hockey_000391.avi,0,0,8.851289749145508e-05
hockey_hockey_000399_98eeb87361d4,data\merged\videos\violence\hockey_000399.avi,1,1,1.0
hockey_hockey_000401_0904c5a501fa,data\merged\videos\violence\hockey_000401.avi,1,1,1.0
hockey_hockey_000403_5a479f176a7a,data\merged\videos\violence\hockey_000403.avi,1,1,1.0
hockey_hockey_000410_1226d60f59f2,data\merged\videos\violence\hockey_000410.avi,1,1,1.0
hockey_hockey_000412_a68f6170474f,data\merged\videos\violence\hockey_000412.avi,1,1,1.0
hockey_hockey_000413_08af7c762c8a,data\merged\videos\non_violence\hockey_000413.avi,0,0,9.065866470336914e-05
hockey_hockey_000418_d7cea9746fe6,data\merged\videos\violence\hockey_000418.avi,1,1,1.0
hockey_hockey_000419_33e12d77c4e2,data\merged\videos\violence\hockey_000419.avi,1,1,1.0
hockey_hockey_000435_753272df4f85,data\merged\videos\violence\hockey_000435.avi,1,1,1.0
hockey_hockey_000440_94dbb469b8a3,data\merged\videos\violence\hockey_000440.avi,1,1,1.0
hockey_hockey_000442_e491114238ff,data\merged\videos\violence\hockey_000442.avi,1,1,1.0
hockey_hockey_000448_0140e77facd7,data\merged\videos\non_violence\hockey_000448.avi,0,0,4.488229751586914e-05
hockey_hockey_000448_127c0b4907d6,data\merged\videos\violence\hockey_000448.avi,1,1,1.0
hockey_hockey_000454_0586af9cf665,data\merged\videos\violence\hockey_000454.avi,1,1,1.0
hockey_hockey_000455_443e861f743a,data\merged\videos\violence\hockey_000455.avi,1,1,1.0
hockey_hockey_000455_a550675747fb,data\merged\videos\non_violence\hockey_000455.avi,0,0,7.033348083496094e-05
hockey_hockey_000464_a6ac0a7d2c70,data\merged\videos\non_violence\hockey_000464.avi,0,0,0.0006155967712402344
hockey_hockey_000467_d5e988ef1728,data\merged\videos\non_violence\hockey_000467.avi,0,0,0.00016868114471435547
hockey_hockey_000469_d3306d7cb2ce,data\merged\videos\non_violence\hockey_000469.avi,0,0,1.1920928955078125e-07
hockey_hockey_000471_1bbcd02feb94,data\merged\videos\violence\hockey_000471.avi,1,1,1.0
hockey_hockey_000475_cb1343ee618b,data\merged\videos\non_violence\hockey_000475.avi,0,0,0.10198974609375
hockey_hockey_000484_96c94feaa0bc,data\merged\videos\violence\hockey_000484.avi,1,1,1.0
hockey_hockey_000494_4b1fecb0d3db,data\merged\videos\non_violence\hockey_000494.avi,0,0,0.0003821849822998047
hockey_hockey_000494_7357875ad99f,data\merged\videos\violence\hockey_000494.avi,1,1,1.0
hockey_hockey_000498_e76dd73b85ae,data\merged\videos\non_violence\hockey_000498.avi,0,0,2.4437904357910156e-06
hockey_hockey_000499_1c1f96e9ea0a,data\merged\videos\violence\hockey_000499.avi,1,1,1.0
movies2_movies2_000502_c724017f3393,data\merged\videos\non_violence\movies2_000502.mp4,0,0,0.0
movies2_movies2_000507_92f910c22411,data\merged\videos\non_violence\movies2_000507.mp4,0,0,5.364418029785156e-07
movies2_movies2_000510_bce2c57b6680,data\merged\videos\violence\movies2_000510.mp4,1,1,1.0
movies2_movies2_000513_ac3eafdd1b87,data\merged\videos\non_violence\movies2_000513.mp4,0,0,4.965066909790039e-05
movies2_movies2_000514_82171f40af4f,data\merged\videos\violence\movies2_000514.mp4,1,1,1.0
movies2_movies2_000523_3470aa848a33,data\merged\videos\violence\movies2_000523.mp4,1,1,1.0
movies2_movies2_000524_7ee7666bdbb5,data\merged\videos\non_violence\movies2_000524.mp4,0,0,1.1920928955078125e-07
movies2_movies2_000526_22b48889ee40,data\merged\videos\non_violence\movies2_000526.mp4,0,0,1.1324882507324219e-06
movies2_movies2_000526_2854d7973258,data\merged\videos\violence\movies2_000526.mp4,1,1,1.0
movies2_movies2_000528_e970095bb42a,data\merged\videos\non_violence\movies2_000528.mp4,0,0,0.0
movies2_movies2_000530_82ceda7fe554,data\merged\videos\non_violence\movies2_000530.mp4,0,0,0.0
movies2_movies2_000535_7da0c22f83af,data\merged\videos\non_violence\movies2_000535.mp4,0,0,6.4373016357421875e-06
movies2_movies2_000535_e109fc6682fc,data\merged\videos\violence\movies2_000535.mp4,1,1,1.0
movies2_movies2_000542_2ef7568fc151,data\merged\videos\violence\movies2_000542.mp4,1,1,1.0
movies2_movies2_000542_a4aa73cfcfe3,data\merged\videos\non_violence\movies2_000542.mp4,0,0,6.377696990966797e-06
movies2_movies2_000543_3f95701068c7,data\merged\videos\non_violence\movies2_000543.mp4,0,0,0.0
movies2_movies2_000544_fee7cd438878,data\merged\videos\non_violence\movies2_000544.mp4,0,0,0.000125885009765625
movies2_movies2_000547_49ba4b244b93,data\merged\videos\non_violence\movies2_000547.mp4,0,0,1.5079975128173828e-05
movies2_movies2_000551_5dfb31653a3f,data\merged\videos\non_violence\movies2_000551.mp4,0,0,0.0
movies2_movies2_000554_5cef1bc6a3ee,data\merged\videos\non_violence\movies2_000554.mp4,0,0,0.0
movies2_movies2_000558_60040412eb20,data\merged\videos\non_violence\movies2_000558.mp4,0,0,8.58306884765625e-06
movies2_movies2_000565_5694b92332d4,data\merged\videos\violence\movies2_000565.mp4,1,1,1.0
movies2_movies2_000566_a3c301fc6452,data\merged\videos\violence\movies2_000566.mp4,1,1,1.0
movies2_movies2_000567_94fe12ff2044,data\merged\videos\non_violence\movies2_000567.mp4,0,0,5.960464477539063e-08
movies2_movies2_000568_14174136a852,data\merged\videos\non_violence\movies2_000568.mp4,0,0,0.0
movies2_movies2_000570_040b21766a04,data\merged\videos\violence\movies2_000570.mp4,1,1,1.0
movies2_movies2_000574_8c88857292a3,data\merged\videos\non_violence\movies2_000574.mp4,0,0,4.172325134277344e-07
movies2_movies2_000576_37f97f11110a,data\merged\videos\non_violence\movies2_000576.mp4,0,0,0.0
movies2_movies2_000578_9c7a4da75a1e,data\merged\videos\violence\movies2_000578.mp4,1,1,1.0
movies2_movies2_000581_dc6139b22659,data\merged\videos\non_violence\movies2_000581.mp4,0,0,0.0
movies2_movies2_000583_4e5c6bf2d09e,data\merged\videos\violence\movies2_000583.mp4,1,1,1.0
movies2_movies2_000586_ea6946f027e5,data\merged\videos\violence\movies2_000586.mp4,1,1,1.0
movies2_movies2_000590_72a474007ad9,data\merged\videos\non_violence\movies2_000590.mp4,0,0,0.0
movies2_movies2_000590_a06bcf0aebd8,data\merged\videos\violence\movies2_000590.mp4,1,1,1.0
movies2_movies2_000591_e7e4861b5ca5,data\merged\videos\violence\movies2_000591.mp4,1,1,1.0
movies2_movies2_000594_8d65324188be,data\merged\videos\violence\movies2_000594.mp4,1,1,1.0
movies2_movies2_000596_e7a0a0ce999e,data\merged\videos\non_violence\movies2_000596.mp4,0,0,0.0
movies2_movies2_000597_87931480b272,data\merged\videos\non_violence\movies2_000597.mp4,0,0,7.152557373046875e-07
movies2_movies2_000598_42bd0844941b,data\merged\videos\violence\movies2_000598.mp4,1,1,1.0
movies2_movies2_000598_6694ded1dbef,data\merged\videos\non_violence\movies2_000598.mp4,0,0,7.748603820800781e-07
movies2_movies2_000600_2699a1757ac2,data\merged\videos\non_violence\movies2_000600.mp4,0,0,1.2516975402832031e-06
movies2_movies2_000612_3a4c7a47417e,data\merged\videos\non_violence\movies2_000612.mp4,0,0,0.0
movies2_movies2_000618_73850ec5a3a1,data\merged\videos\violence\movies2_000618.mp4,1,1,1.0
movies2_movies2_000619_0aa9df62d95d,data\merged\videos\violence\movies2_000619.mp4,1,1,1.0
movies2_movies2_000620_64f40b3c021c,data\merged\videos\non_violence\movies2_000620.mp4,0,0,4.112720489501953e-06
movies2_movies2_000624_ca27329c2685,data\merged\videos\non_violence\movies2_000624.mp4,0,0,0.0
movies2_movies2_000628_0af54e0582e3,data\merged\videos\violence\movies2_000628.mp4,1,1,1.0
movies2_movies2_000633_3caf2516136a,data\merged\videos\violence\movies2_000633.mp4,1,1,1.0
movies2_movies2_000634_8c4573ae01db,data\merged\videos\non_violence\movies2_000634.mp4,0,0,0.0
movies2_movies2_000644_f855b8d00926,data\merged\videos\non_violence\movies2_000644.mp4,0,0,0.0
movies2_movies2_000648_893fb7910c40,data\merged\videos\non_violence\movies2_000648.mp4,0,0,0.0
movies2_movies2_000650_4792e14df9ca,data\merged\videos\violence\movies2_000650.mp4,1,1,1.0
movies2_movies2_000650_90a17ffac05e,data\merged\videos\non_violence\movies2_000650.mp4,0,0,0.0
movies2_movies2_000653_5dbd8660f88c,data\merged\videos\violence\movies2_000653.mp4,1,1,1.0
movies2_movies2_000657_78282952b30d,data\merged\videos\non_violence\movies2_000657.mp4,0,0,0.0
movies2_movies2_000660_fe45c66e3897,data\merged\videos\non_violence\movies2_000660.mp4,0,0,0.0
movies2_movies2_000673_169529e8a686,data\merged\videos\non_violence\movies2_000673.mp4,0,0,2.384185791015625e-07
movies2_movies2_000676_7d13ee29cfa3,data\merged\videos\violence\movies2_000676.mp4,1,1,1.0
movies2_movies2_000677_c03fcb21bf52,data\merged\videos\non_violence\movies2_000677.mp4,0,0,1.0788440704345703e-05
movies2_movies2_000678_3e62e54e5dfe,data\merged\videos\violence\movies2_000678.mp4,1,1,1.0
movies2_movies2_000686_867a35453207,data\merged\videos\non_violence\movies2_000686.mp4,0,0,5.960464477539063e-08
movies2_movies2_000694_3ff79a55f7a6,data\merged\videos\violence\movies2_000694.mp4,1,1,1.0
movies2_movies2_000695_2a7c88da575f,data\merged\videos\non_violence\movies2_000695.mp4,0,0,4.667043685913086e-05
movies2_movies2_000701_5bce0b8c267a,data\merged\videos\violence\movies2_000701.mp4,1,1,1.0
movies2_movies2_000701_670a9147e883,data\merged\videos\non_violence\movies2_000701.mp4,0,0,2.980232238769531e-07
movies2_movies2_000704_e1ddd5acf27e,data\merged\videos\non_violence\movies2_000704.mp4,0,0,1.9431114196777344e-05
movies2_movies2_000706_33596bb07c0b,data\merged\videos\violence\movies2_000706.mp4,1,1,1.0
movies2_movies2_000710_605d6f090110,data\merged\videos\violence\movies2_000710.mp4,1,1,1.0
movies2_movies2_000711_416c720129ef,data\merged\videos\violence\movies2_000711.mp4,1,1,1.0
movies2_movies2_000713_a35ca58ef763,data\merged\videos\non_violence\movies2_000713.mp4,0,0,5.543231964111328e-06
movies2_movies2_000718_ed2eb3ea5c70,data\merged\videos\violence\movies2_000718.mp4,1,1,1.0
movies2_movies2_000724_d13b425b20c5,data\merged\videos\violence\movies2_000724.mp4,1,1,0.76416015625
movies2_movies2_000726_e4b1bee2e43c,data\merged\videos\non_violence\movies2_000726.mp4,0,0,2.980232238769531e-07
movies2_movies2_000727_1396ec7e720f,data\merged\videos\violence\movies2_000727.mp4,1,1,1.0
movies2_movies2_000734_38f616deecff,data\merged\videos\violence\movies2_000734.mp4,1,1,1.0
movies2_movies2_000738_fdbed53b0698,data\merged\videos\non_violence\movies2_000738.mp4,0,0,1.0669231414794922e-05
movies2_movies2_000744_7a101c0d43bd,data\merged\videos\violence\movies2_000744.mp4,1,1,1.0
movies2_movies2_000744_c130b88d1fdb,data\merged\videos\non_violence\movies2_000744.mp4,0,0,0.0
movies2_movies2_000748_ef4e4b2711f8,data\merged\videos\violence\movies2_000748.mp4,1,1,1.0
movies2_movies2_000758_4b4251de2bc4,data\merged\videos\non_violence\movies2_000758.mp4,0,0,1.1920928955078125e-07
movies2_movies2_000762_dc817e733e0a,data\merged\videos\violence\movies2_000762.mp4,1,1,1.0
movies2_movies2_000765_a7f5a550d44f,data\merged\videos\violence\movies2_000765.mp4,1,1,1.0
movies2_movies2_000766_d91559ff501f,data\merged\videos\non_violence\movies2_000766.mp4,0,0,3.415346145629883e-05
movies2_movies2_000767_fd785e97fac9,data\merged\videos\violence\movies2_000767.mp4,1,1,1.0
movies2_movies2_000777_0756be4db07c,data\merged\videos\violence\movies2_000777.mp4,1,1,1.0
movies2_movies2_000786_c6dd7cd694f3,data\merged\videos\violence\movies2_000786.mp4,1,1,1.0
movies2_movies2_000788_d45d2f830019,data\merged\videos\non_violence\movies2_000788.mp4,0,0,2.384185791015625e-07
movies2_movies2_000794_92bdf5e88cfe,data\merged\videos\violence\movies2_000794.mp4,1,1,1.0
movies2_movies2_000796_4f835955a36a,data\merged\videos\violence\movies2_000796.mp4,1,1,1.0
movies2_movies2_000799_37416930681b,data\merged\videos\non_violence\movies2_000799.mp4,0,0,5.960464477539063e-08
movies2_movies2_000800_8f67ce7ef5a7,data\merged\videos\violence\movies2_000800.mp4,1,1,1.0
movies2_movies2_000801_f1be6e067822,data\merged\videos\violence\movies2_000801.mp4,1,1,1.0
movies2_movies2_000802_ab021a5d6a24,data\merged\videos\violence\movies2_000802.mp4,1,1,0.99755859375
movies2_movies2_000802_f6175223f66f,data\merged\videos\non_violence\movies2_000802.mp4,0,0,0.0001010894775390625
movies2_movies2_000812_931029b46e17,data\merged\videos\non_violence\movies2_000812.mp4,0,0,5.960464477539063e-08
movies2_movies2_000818_e37d18e0cd58,data\merged\videos\non_violence\movies2_000818.mp4,0,0,0.0
movies2_movies2_000820_2ca2cdc58d57,data\merged\videos\non_violence\movies2_000820.mp4,0,0,7.152557373046875e-07
movies2_movies2_000821_f58cd6fd7070,data\merged\videos\violence\movies2_000821.mp4,1,1,1.0
movies2_movies2_000830_31d05ba20220,data\merged\videos\violence\movies2_000830.mp4,1,1,0.91455078125
movies2_movies2_000833_911bae8229e8,data\merged\videos\violence\movies2_000833.mp4,1,1,1.0
movies2_movies2_000837_baa5e86091dc,data\merged\videos\violence\movies2_000837.mp4,1,1,1.0
movies2_movies2_000844_7eff8f4e2711,data\merged\videos\violence\movies2_000844.mp4,1,1,1.0
movies2_movies2_000846_e335bbb3563e,data\merged\videos\violence\movies2_000846.mp4,1,1,1.0
movies2_movies2_000847_e28551f9eaaa,data\merged\videos\violence\movies2_000847.mp4,1,1,1.0
movies2_movies2_000849_a7338cec4cc1,data\merged\videos\violence\movies2_000849.mp4,1,1,1.0
movies2_movies2_000850_509208135f2c,data\merged\videos\non_violence\movies2_000850.mp4,0,0,1.3113021850585938e-06
movies2_movies2_000867_24d03a247239,data\merged\videos\violence\movies2_000867.mp4,1,1,1.0
movies2_movies2_000870_d9938eeff36b,data\merged\videos\violence\movies2_000870.mp4,1,1,1.0
movies2_movies2_000880_3d8e65fd9076,data\merged\videos\non_violence\movies2_000880.mp4,0,0,0.0002663135528564453
movies2_movies2_000881_560f925ce28b,data\merged\videos\violence\movies2_000881.mp4,1,1,1.0
movies2_movies2_000884_ebcafd8b9472,data\merged\videos\violence\movies2_000884.mp4,1,1,1.0
movies2_movies2_000889_f6a30bb94f60,data\merged\videos\non_violence\movies2_000889.mp4,0,0,2.980232238769531e-07
movies2_movies2_000892_fd7bd8bb2165,data\merged\videos\non_violence\movies2_000892.mp4,0,0,2.8014183044433594e-06
movies2_movies2_000897_db6808a47340,data\merged\videos\violence\movies2_000897.mp4,1,1,1.0
movies2_movies2_000898_99d28d91da9b,data\merged\videos\violence\movies2_000898.mp4,1,1,1.0
movies2_movies2_000899_cb6dd832815f,data\merged\videos\violence\movies2_000899.mp4,1,1,1.0
movies2_movies2_000901_026141dff77f,data\merged\videos\violence\movies2_000901.mp4,1,1,1.0
movies2_movies2_000905_38e38a8dd378,data\merged\videos\violence\movies2_000905.mp4,1,1,1.0
movies2_movies2_000907_6969c99dde9d,data\merged\videos\non_violence\movies2_000907.mp4,0,0,4.708766937255859e-06
movies2_movies2_000909_56bfe5ba1085,data\merged\videos\non_violence\movies2_000909.mp4,0,0,3.5762786865234375e-07
movies2_movies2_000923_3a79bf0e0823,data\merged\videos\non_violence\movies2_000923.mp4,0,0,2.384185791015625e-07
movies2_movies2_000926_92280ffd0dbf,data\merged\videos\non_violence\movies2_000926.mp4,0,0,2.980232238769531e-07
movies2_movies2_000930_f832dbcabc5d,data\merged\videos\non_violence\movies2_000930.mp4,0,0,1.1920928955078125e-06
movies2_movies2_000938_11f7b8e61caf,data\merged\videos\violence\movies2_000938.mp4,1,1,1.0
movies2_movies2_000941_1ebbebb3a7f3,data\merged\videos\violence\movies2_000941.mp4,1,1,1.0
movies2_movies2_000948_3f97035a20bd,data\merged\videos\violence\movies2_000948.mp4,1,1,1.0
movies2_movies2_000948_79b5f8526b2e,data\merged\videos\non_violence\movies2_000948.mp4,0,0,0.0009398460388183594
movies2_movies2_000952_cf3d7f062554,data\merged\videos\non_violence\movies2_000952.mp4,0,0,5.960464477539063e-08
movies2_movies2_000959_bf2f54fffcc0,data\merged\videos\violence\movies2_000959.mp4,1,1,1.0
movies2_movies2_000966_4a338450bbe6,data\merged\videos\non_violence\movies2_000966.mp4,0,0,0.0
movies2_movies2_000967_955b7e37b66e,data\merged\videos\violence\movies2_000967.mp4,1,1,1.0
movies2_movies2_000973_70038232a0f3,data\merged\videos\violence\movies2_000973.mp4,1,1,1.0
movies2_movies2_000974_d47172109d8b,data\merged\videos\violence\movies2_000974.mp4,1,1,1.0
movies2_movies2_000977_c612777ade5d,data\merged\videos\violence\movies2_000977.mp4,1,1,1.0
movies2_movies2_000983_e1c8f6a250b9,data\merged\videos\non_violence\movies2_000983.mp4,0,0,1.0132789611816406e-06
movies2_movies2_000985_1f4867fc04be,data\merged\videos\violence\movies2_000985.mp4,1,1,1.0
movies2_movies2_000986_c696d369eebc,data\merged\videos\violence\movies2_000986.mp4,1,0,0.07598876953125
movies2_movies2_000997_09bb184bdb5f,data\merged\videos\non_violence\movies2_000997.mp4,0,1,0.89990234375
movies2_movies2_001000_b4b41592f184,data\merged\videos\violence\movies2_001000.mp4,1,1,1.0
movies2_movies2_001001_e1e5afac33b7,data\merged\videos\violence\movies2_001001.mp4,1,1,1.0
movies2_movies2_001002_492a9e866dbc,data\merged\videos\non_violence\movies2_001002.mp4,0,0,4.649162292480469e-06
movies2_movies2_001005_e96b1ddfb766,data\merged\videos\non_violence\movies2_001005.mp4,0,0,1.1324882507324219e-06
movies2_movies2_001006_b74af15057ca,data\merged\videos\violence\movies2_001006.mp4,1,1,1.0
movies2_movies2_001015_d5ff10410fb0,data\merged\videos\violence\movies2_001015.mp4,1,1,1.0
movies2_movies2_001016_7849b0ada92c,data\merged\videos\violence\movies2_001016.mp4,1,1,1.0
movies2_movies2_001017_ece8c6829589,data\merged\videos\violence\movies2_001017.mp4,1,1,1.0
movies2_movies2_001023_c6563272894c,data\merged\videos\non_violence\movies2_001023.mp4,0,1,1.0
movies2_movies2_001024_3f5bdd585880,data\merged\videos\violence\movies2_001024.mp4,1,1,1.0
movies2_movies2_001027_d7c99b10db57,data\merged\videos\violence\movies2_001027.mp4,1,1,1.0
movies2_movies2_001030_af4d9b189020,data\merged\videos\non_violence\movies2_001030.mp4,0,0,2.384185791015625e-07
movies2_movies2_001032_76996e89ff5c,data\merged\videos\non_violence\movies2_001032.mp4,0,0,0.0
movies2_movies2_001034_d51e391fde02,data\merged\videos\non_violence\movies2_001034.mp4,0,0,0.0
movies2_movies2_001041_ef547681cdfc,data\merged\videos\non_violence\movies2_001041.mp4,0,0,0.0
movies2_movies2_001042_1508042c92e3,data\merged\videos\violence\movies2_001042.mp4,1,1,1.0
movies2_movies2_001043_707704ffa4e5,data\merged\videos\non_violence\movies2_001043.mp4,0,0,0.0
movies2_movies2_001049_a66277a879f5,data\merged\videos\violence\movies2_001049.mp4,1,1,1.0
movies2_movies2_001049_c840d11d764d,data\merged\videos\non_violence\movies2_001049.mp4,0,0,6.42538070678711e-05
movies2_movies2_001058_99a11c9f7aa5,data\merged\videos\non_violence\movies2_001058.mp4,0,0,2.9802322387695312e-06
movies2_movies2_001061_6b1bebd5ffb4,data\merged\videos\violence\movies2_001061.mp4,1,1,1.0
movies2_movies2_001071_74a0e0b5582e,data\merged\videos\non_violence\movies2_001071.mp4,0,0,2.1457672119140625e-06
movies2_movies2_001074_1ddeb17a8097,data\merged\videos\non_violence\movies2_001074.mp4,0,0,2.384185791015625e-07
movies2_movies2_001076_39cb58c19e11,data\merged\videos\non_violence\movies2_001076.mp4,0,0,6.258487701416016e-06
movies2_movies2_001081_adb41050b54b,data\merged\videos\violence\movies2_001081.mp4,1,1,1.0
movies2_movies2_001086_afbd081c7346,data\merged\videos\violence\movies2_001086.mp4,1,1,1.0
movies2_movies2_001091_78ef6ed17b05,data\merged\videos\non_violence\movies2_001091.mp4,0,0,0.0
movies2_movies2_001092_5930afac7d39,data\merged\videos\non_violence\movies2_001092.mp4,0,0,0.0
movies2_movies2_001097_6a6a613cc41f,data\merged\videos\violence\movies2_001097.mp4,1,1,1.0
movies2_movies2_001099_02deebed91fe,data\merged\videos\non_violence\movies2_001099.mp4,0,0,0.0
movies2_movies2_001099_47ae020bad10,data\merged\videos\violence\movies2_001099.mp4,1,1,1.0
movies2_movies2_001101_8b0e0708bffb,data\merged\videos\violence\movies2_001101.mp4,1,1,1.0
movies2_movies2_001105_08c27b9afecf,data\merged\videos\non_violence\movies2_001105.mp4,0,0,2.384185791015625e-07
movies2_movies2_001106_1c63bb5894cf,data\merged\videos\violence\movies2_001106.mp4,1,1,1.0
movies2_movies2_001107_afd46114ce0f,data\merged\videos\violence\movies2_001107.mp4,1,1,1.0
movies2_movies2_001109_0bd5a608bf0f,data\merged\videos\violence\movies2_001109.mp4,1,1,1.0
movies2_movies2_001112_7ca25e1c1e77,data\merged\videos\non_violence\movies2_001112.mp4,0,0,3.933906555175781e-06
movies2_movies2_001115_da45a9d1be11,data\merged\videos\violence\movies2_001115.mp4,1,1,1.0
movies2_movies2_001116_001e621a3113,data\merged\videos\violence\movies2_001116.mp4,1,1,1.0
movies2_movies2_001117_68a4c448a634,data\merged\videos\violence\movies2_001117.mp4,1,1,1.0
movies2_movies2_001122_7ed7797c6d66,data\merged\videos\non_violence\movies2_001122.mp4,0,0,6.204843521118164e-05
movies2_movies2_001123_d0d9e55673b6,data\merged\videos\violence\movies2_001123.mp4,1,1,1.0
movies2_movies2_001124_e588a382a480,data\merged\videos\violence\movies2_001124.mp4,1,1,1.0
movies2_movies2_001126_f5e7c1c87b64,data\merged\videos\violence\movies2_001126.mp4,1,1,1.0
movies2_movies2_001132_69aecf434932,data\merged\videos\violence\movies2_001132.mp4,1,1,0.9521484375
movies2_movies2_001133_b923fd76da58,data\merged\videos\violence\movies2_001133.mp4,1,1,1.0
movies2_movies2_001134_f1c96c528a7b,data\merged\videos\violence\movies2_001134.mp4,1,1,0.998046875
movies2_movies2_001137_464f66c59e39,data\merged\videos\violence\movies2_001137.mp4,1,1,1.0
movies2_movies2_001138_ba3fff937f30,data\merged\videos\non_violence\movies2_001138.mp4,0,0,5.960464477539062e-07
movies2_movies2_001140_71e0e95325bd,data\merged\videos\violence\movies2_001140.mp4,1,1,1.0
movies2_movies2_001141_d3a992247dbd,data\merged\videos\non_violence\movies2_001141.mp4,0,0,3.218650817871094e-05
movies2_movies2_001143_c3d839849103,data\merged\videos\non_violence\movies2_001143.mp4,0,0,5.960464477539063e-08
movies2_movies2_001144_2c69b109f365,data\merged\videos\non_violence\movies2_001144.mp4,0,0,4.76837158203125e-07
movies2_movies2_001147_7a905804f5bc,data\merged\videos\violence\movies2_001147.mp4,1,1,1.0
movies2_movies2_001158_79b3ba3417b1,data\merged\videos\non_violence\movies2_001158.mp4,0,0,5.960464477539063e-08
movies2_movies2_001159_521d413bd06b,data\merged\videos\non_violence\movies2_001159.mp4,0,0,1.1920928955078125e-07
movies2_movies2_001162_2f3dd344a79d,data\merged\videos\violence\movies2_001162.mp4,1,1,1.0
movies2_movies2_001169_5aa5bb81f8aa,data\merged\videos\violence\movies2_001169.mp4,1,1,1.0
movies2_movies2_001177_475cb0143b62,data\merged\videos\violence\movies2_001177.mp4,1,1,1.0
movies2_movies2_001182_dbfdb2cb21ba,data\merged\videos\non_violence\movies2_001182.mp4,0,0,3.5762786865234375e-07
movies2_movies2_001184_2efc0de38872,data\merged\videos\non_violence\movies2_001184.mp4,0,0,0.0
movies2_movies2_001185_4ebc69c93a77,data\merged\videos\non_violence\movies2_001185.mp4,0,0,2.384185791015625e-06
movies2_movies2_001186_167a84737092,data\merged\videos\non_violence\movies2_001186.mp4,0,0,3.635883331298828e-06
movies2_movies2_001187_64bd0c5c4431,data\merged\videos\violence\movies2_001187.mp4,1,1,1.0
movies2_movies2_001188_4a0487a67f91,data\merged\videos\non_violence\movies2_001188.mp4,0,0,3.5762786865234375e-07
movies2_movies2_001193_4e7f10598a6f,data\merged\videos\violence\movies2_001193.mp4,1,1,1.0
movies2_movies2_001197_352fa3175d65,data\merged\videos\non_violence\movies2_001197.mp4,0,0,3.933906555175781e-06
movies2_movies2_001199_d42735ca511d,data\merged\videos\violence\movies2_001199.mp4,1,1,1.0
movies2_movies2_001200_e5715d0cc28a,data\merged\videos\non_violence\movies2_001200.mp4,0,0,2.384185791015625e-05
movies2_movies2_001202_58dcbfcf24a7,data\merged\videos\violence\movies2_001202.mp4,1,1,1.0
movies2_movies2_001204_c72f153cf7f6,data\merged\videos\non_violence\movies2_001204.mp4,0,0,1.3232231140136719e-05
movies2_movies2_001214_645c1ee4de4c,data\merged\videos\violence\movies2_001214.mp4,1,1,1.0
movies2_movies2_001214_a2501d1f2916,data\merged\videos\non_violence\movies2_001214.mp4,0,0,1.1920928955078125e-07
movies2_movies2_001216_2f218a67e191,data\merged\videos\violence\movies2_001216.mp4,1,1,1.0
movies2_movies2_001227_bab6333897bf,data\merged\videos\non_violence\movies2_001227.mp4,0,0,0.0
movies2_movies2_001229_9bebbadce50a,data\merged\videos\violence\movies2_001229.mp4,1,1,1.0
movies2_movies2_001230_bc5eca55eb27,data\merged\videos\non_violence\movies2_001230.mp4,0,0,0.0
movies2_movies2_001232_4b932f9cb545,data\merged\videos\violence\movies2_001232.mp4,1,1,1.0
movies2_movies2_001234_329f90758aee,data\merged\videos\violence\movies2_001234.mp4,1,1,1.0
movies2_movies2_001236_bfca302e77b3,data\merged\videos\non_violence\movies2_001236.mp4,0,0,0.0013246536254882812
movies2_movies2_001237_7df69a145c37,data\merged\videos\non_violence\movies2_001237.mp4,0,0,2.6404857635498047e-05
movies2_movies2_001238_7ef77c71484f,data\merged\videos\violence\movies2_001238.mp4,1,1,1.0
movies2_movies2_001241_c28568cdb79a,data\merged\videos\non_violence\movies2_001241.mp4,0,0,3.2186508178710938e-06
movies2_movies2_001242_3be94ed54bca,data\merged\videos\non_violence\movies2_001242.mp4,0,0,1.1920928955078125e-07
movies2_movies2_001246_9942fe183f1b,data\merged\videos\non_violence\movies2_001246.mp4,0,0,3.5762786865234375e-07
movies2_movies2_001248_ea0f30a16790,data\merged\videos\non_violence\movies2_001248.mp4,0,0,1.7881393432617188e-07
movies2_movies2_001250_75ab559f7e98,data\merged\videos\violence\movies2_001250.mp4,1,1,1.0
movies2_movies2_001251_32ecd62e9d68,data\merged\videos\violence\movies2_001251.mp4,1,1,1.0
movies2_movies2_001251_d90fc183450c,data\merged\videos\non_violence\movies2_001251.mp4,0,0,2.1696090698242188e-05
movies2_movies2_001256_7dae1cf379fe,data\merged\videos\non_violence\movies2_001256.mp4,0,0,2.47955322265625e-05
movies2_movies2_001257_5e3533dee06a,data\merged\videos\non_violence\movies2_001257.mp4,0,0,1.1920928955078125e-07
movies2_movies2_001261_5dfe82bfb050,data\merged\videos\non_violence\movies2_001261.mp4,0,0,1.430511474609375e-06
movies2_movies2_001262_5844437b7d2d,data\merged\videos\violence\movies2_001262.mp4,1,1,1.0
movies2_movies2_001263_7541d46f55ab,data\merged\videos\non_violence\movies2_001263.mp4,0,0,2.562999725341797e-06
movies2_movies2_001264_1fc99d1bd8b9,data\merged\videos\violence\movies2_001264.mp4,1,1,1.0
movies2_movies2_001272_a58c79eeaa3c,data\merged\videos\non_violence\movies2_001272.mp4,0,0,5.960464477539063e-08
movies2_movies2_001276_274e0d708ffa,data\merged\videos\violence\movies2_001276.mp4,1,1,1.0
movies2_movies2_001285_d3a21818423d,data\merged\videos\violence\movies2_001285.mp4,1,1,1.0
movies2_movies2_001288_9193ec317418,data\merged\videos\non_violence\movies2_001288.mp4,0,0,2.682209014892578e-06
movies2_movies2_001294_e1a847ab4141,data\merged\videos\non_violence\movies2_001294.mp4,0,0,2.8014183044433594e-06
movies2_movies2_001295_1629cc9f4733,data\merged\videos\non_violence\movies2_001295.mp4,0,0,1.9669532775878906e-06
movies2_movies2_001295_32e5f962e42b,data\merged\videos\violence\movies2_001295.mp4,1,1,1.0
movies2_movies2_001299_966b2945b8b1,data\merged\videos\non_violence\movies2_001299.mp4,0,0,2.384185791015625e-06
movies2_movies2_001300_c820664087d9,data\merged\videos\non_violence\movies2_001300.mp4,0,0,0.0
movies2_movies2_001305_9e7f97ed3d46,data\merged\videos\violence\movies2_001305.mp4,1,1,1.0
movies2_movies2_001306_022bbcb1939e,data\merged\videos\violence\movies2_001306.mp4,1,1,1.0
movies2_movies2_001312_566b66581efc,data\merged\videos\violence\movies2_001312.mp4,1,1,1.0
movies2_movies2_001317_39800c790388,data\merged\videos\violence\movies2_001317.mp4,1,1,1.0
movies2_movies2_001318_2c81798b117f,data\merged\videos\non_violence\movies2_001318.mp4,0,0,6.198883056640625e-06
movies2_movies2_001321_3fa863f95d98,data\merged\videos\non_violence\movies2_001321.mp4,0,0,2.384185791015625e-07
movies2_movies2_001328_bef4b0e0c1e1,data\merged\videos\violence\movies2_001328.mp4,1,1,1.0
movies2_movies2_001328_d7f4f52498bb,data\merged\videos\non_violence\movies2_001328.mp4,0,0,5.960464477539063e-08
movies2_movies2_001343_4232b5780231,data\merged\videos\non_violence\movies2_001343.mp4,0,0,0.0002892017364501953
movies2_movies2_001346_9fb436c95dd6,data\merged\videos\non_violence\movies2_001346.mp4,0,0,1.4901161193847656e-06
movies2_movies2_001347_9dfd2a0b09a1,data\merged\videos\violence\movies2_001347.mp4,1,1,1.0
movies2_movies2_001356_807c484fff79,data\merged\videos\non_violence\movies2_001356.mp4,0,0,1.7881393432617188e-07
movies2_movies2_001360_192266d3d23b,data\merged\videos\non_violence\movies2_001360.mp4,0,0,0.0
movies2_movies2_001366_27636269e3c1,data\merged\videos\violence\movies2_001366.mp4,1,1,1.0
movies2_movies2_001370_51074e9d2feb,data\merged\videos\non_violence\movies2_001370.mp4,0,0,1.1920928955078125e-07
movies2_movies2_001371_647562f25528,data\merged\videos\violence\movies2_001371.mp4,1,1,1.0
movies2_movies2_001374_9d05071021d0,data\merged\videos\non_violence\movies2_001374.mp4,0,0,0.0
movies2_movies2_001376_9855cba65d60,data\merged\videos\violence\movies2_001376.mp4,1,1,1.0
movies2_movies2_001379_dac94edb7612,data\merged\videos\violence\movies2_001379.mp4,1,1,1.0
movies2_movies2_001380_bdcd0e475c54,data\merged\videos\non_violence\movies2_001380.mp4,0,0,5.960464477539063e-08
movies2_movies2_001381_5a1704f29d60,data\merged\videos\non_violence\movies2_001381.mp4,0,0,0.0
movies2_movies2_001381_b7b796ea855e,data\merged\videos\violence\movies2_001381.mp4,1,1,1.0
movies2_movies2_001382_ee0414b3eb1c,data\merged\videos\non_violence\movies2_001382.mp4,0,0,3.5762786865234375e-07
movies2_movies2_001384_cb0b7d32fd6e,data\merged\videos\violence\movies2_001384.mp4,1,1,1.0
movies2_movies2_001389_5c31d3265320,data\merged\videos\violence\movies2_001389.mp4,1,1,1.0
movies2_movies2_001390_3e7ad0ceecf4,data\merged\videos\non_violence\movies2_001390.mp4,0,0,7.152557373046875e-07
movies2_movies2_001391_6cb1dfdca711,data\merged\videos\non_violence\movies2_001391.mp4,0,0,0.0
movies2_movies2_001391_c67893c31354,data\merged\videos\violence\movies2_001391.mp4,1,1,1.0
movies2_movies2_001406_15e213fa19e5,data\merged\videos\non_violence\movies2_001406.mp4,0,0,0.0
movies2_movies2_001409_b6a29be00ece,data\merged\videos\non_violence\movies2_001409.mp4,0,0,1.6093254089355469e-06
movies2_movies2_001412_0626ad970f13,data\merged\videos\violence\movies2_001412.mp4,1,1,1.0
movies2_movies2_001415_e4b9a6dd15db,data\merged\videos\non_violence\movies2_001415.mp4,0,0,3.4928321838378906e-05
movies2_movies2_001417_898657ca87db,data\merged\videos\non_violence\movies2_001417.mp4,0,0,0.0
movies2_movies2_001417_a8ef2e1901b7,data\merged\videos\violence\movies2_001417.mp4,1,1,1.0
movies2_movies2_001418_e2ad2b93c16f,data\merged\videos\violence\movies2_001418.mp4,1,1,1.0
movies2_movies2_001423_052b484e11b3,data\merged\videos\non_violence\movies2_001423.mp4,0,0,0.0
movies2_movies2_001425_d3f9bf8e175b,data\merged\videos\non_violence\movies2_001425.mp4,0,0,0.0006918907165527344
movies2_movies2_001426_5fbaf3f4b1c1,data\merged\videos\violence\movies2_001426.mp4,1,1,1.0
movies2_movies2_001428_6b674edb6c97,data\merged\videos\violence\movies2_001428.mp4,1,1,1.0
movies2_movies2_001440_2e36b1a4a541,data\merged\videos\non_violence\movies2_001440.mp4,0,0,2.384185791015625e-07
movies2_movies2_001447_082bc76cc171,data\merged\videos\non_violence\movies2_001447.mp4,0,0,5.960464477539063e-08
movies2_movies2_001448_8f95b22e6a9a,data\merged\videos\violence\movies2_001448.mp4,1,1,1.0
movies2_movies2_001455_500216102c91,data\merged\videos\violence\movies2_001455.mp4,1,1,1.0
movies2_movies2_001465_e82fd10e8e24,data\merged\videos\non_violence\movies2_001465.avi,0,0,1.1920928955078125e-07
movies2_movies2_001466_dc46ab94257c,data\merged\videos\violence\movies2_001466.mp4,1,1,1.0
movies2_movies2_001469_e3904311cb64,data\merged\videos\violence\movies2_001469.mp4,1,1,1.0
movies2_movies2_001483_bb11e51a24e4,data\merged\videos\violence\movies2_001483.mp4,1,1,1.0
movies2_movies2_001484_8d2d692e02ba,data\merged\videos\non_violence\movies2_001484.avi,0,0,3.0994415283203125e-06
movies2_movies2_001490_9b9542c01468,data\merged\videos\violence\movies2_001490.mp4,1,1,1.0
movies2_movies2_001491_f8861fe22128,data\merged\videos\non_violence\movies2_001491.avi,0,0,1.1920928955078125e-07
movies2_movies2_001492_84b021d4fbe8,data\merged\videos\violence\movies2_001492.mp4,1,1,1.0
rwf2000_rwf2000_001633_42c7605009e8,data\merged\videos\violence\rwf2000_001633.mp4,1,0,0.0234832763671875
rwf2000_rwf2000_001636_da998f670c97,data\merged\videos\violence\rwf2000_001636.mp4,1,0,5.692243576049805e-05
rwf2000_rwf2000_001638_60ee19042131,data\merged\videos\violence\rwf2000_001638.mp4,1,1,1.0
rwf2000_rwf2000_001650_07418ea97b57,data\merged\videos\non_violence\rwf2000_001650.mp4,0,1,0.86083984375
rwf2000_rwf2000_001655_cef41bb7b538,data\merged\videos\non_violence\rwf2000_001655.mp4,0,0,0.0002925395965576172
rwf2000_rwf2000_001658_fc0a73623760,data\merged\videos\non_violence\rwf2000_001658.mp4,0,0,1.424551010131836e-05
rwf2000_rwf2000_001659_44c9b1bf10bd,data\merged\videos\non_violence\rwf2000_001659.mp4,0,0,0.041473388671875
rwf2000_rwf2000_001661_b1bf861120bd,data\merged\videos\violence\rwf2000_001661.mp4,1,0,0.1776123046875
rwf2000_rwf2000_001664_18d45aaa3952,data\merged\videos\non_violence\rwf2000_001664.mp4,0,0,0.0005550384521484375
rwf2000_rwf2000_001679_555d8dfe6641,data\merged\videos\violence\rwf2000_001679.mp4,1,1,1.0
rwf2000_rwf2000_001684_aa44b548dfaf,data\merged\videos\violence\rwf2000_001684.mp4,1,0,0.03594970703125
rwf2000_rwf2000_001685_43dd6c133b37,data\merged\videos\violence\rwf2000_001685.mp4,1,0,1.33514404296875e-05
rwf2000_rwf2000_001689_dcc4a9d59d73,data\merged\videos\violence\rwf2000_001689.mp4,1,1,0.88330078125
rwf2000_rwf2000_001693_27ee4b441d02,data\merged\videos\non_violence\rwf2000_001693.mp4,0,0,1.4901161193847656e-06
rwf2000_rwf2000_001708_31a55d56c452,data\merged\videos\violence\rwf2000_001708.mp4,1,0,0.0079498291015625
rwf2000_rwf2000_001721_3388def317fc,data\merged\videos\non_violence\rwf2000_001721.mp4,0,0,9.000301361083984e-06
rwf2000_rwf2000_001747_18286421771d,data\merged\videos\violence\rwf2000_001747.mp4,1,1,1.0
rwf2000_rwf2000_001749_68c3e3aa71ea,data\merged\videos\violence\rwf2000_001749.mp4,1,0,0.0032787322998046875
rwf2000_rwf2000_001776_530b5bbb572c,data\merged\videos\violence\rwf2000_001776.mp4,1,1,1.0
rwf2000_rwf2000_001782_0a9384b99025,data\merged\videos\violence\rwf2000_001782.mp4,1,1,1.0
rwf2000_rwf2000_001784_5e3e5a6123af,data\merged\videos\violence\rwf2000_001784.mp4,1,1,1.0
rwf2000_rwf2000_001792_645424337e88,data\merged\videos\violence\rwf2000_001792.mp4,1,1,1.0
rwf2000_rwf2000_001809_9379ec84fa48,data\merged\videos\violence\rwf2000_001809.mp4,1,1,1.0
rwf2000_rwf2000_001813_4aeed5ea1ef5,data\merged\videos\violence\rwf2000_001813.mp4,1,1,1.0
rwf2000_rwf2000_001831_a9fc04c270a3,data\merged\videos\violence\rwf2000_001831.mp4,1,1,1.0
rwf2000_rwf2000_001833_9101c03997bb,data\merged\videos\violence\rwf2000_001833.mp4,1,1,1.0
rwf2000_rwf2000_001853_5910637af385,data\merged\videos\violence\rwf2000_001853.mp4,1,1,1.0
surv_fight_surv_fight_001757_50d5dc32430e,data\merged\videos\non_violence\surv_fight_001757.mp4,0,1,1.0
surv_fight_surv_fight_001777_7d38cc5df44b,data\merged\videos\non_violence\surv_fight_001777.mp4,0,0,1.2516975402832031e-06
surv_fight_surv_fight_001783_58a901a59310,data\merged\videos\non_violence\surv_fight_001783.mp4,0,0,0.0
surv_fight_surv_fight_001791_d3f34b484124,data\merged\videos\non_violence\surv_fight_001791.mp4,0,0,0.00157928466796875
surv_fight_surv_fight_001796_cc5db847267e,data\merged\videos\non_violence\surv_fight_001796.mp4,0,0,4.172325134277344e-07
surv_fight_surv_fight_001805_fc1f652fec28,data\merged\videos\non_violence\surv_fight_001805.mp4,0,0,5.960464477539063e-08
surv_fight_surv_fight_001831_a1ff83513478,data\merged\videos\non_violence\surv_fight_001831.mp4,0,0,5.960464477539063e-08
surv_fight_surv_fight_001832_a42edafe146a,data\merged\videos\non_violence\surv_fight_001832.mp4,0,0,1.1920928955078125e-07
surv_fight_surv_fight_001833_aa1c47444ccc,data\merged\videos\non_violence\surv_fight_001833.mp4,0,0,5.960464477539063e-08
surv_fight_surv_fight_001834_46ab8af4f467,data\merged\videos\non_violence\surv_fight_001834.mp4,0,0,1.7881393432617188e-07
surv_fight_surv_fight_001835_ce1bd85cd895,data\merged\videos\non_violence\surv_fight_001835.mp4,0,0,1.3709068298339844e-06
surv_fight_surv_fight_001838_29824c543e5a,data\merged\videos\non_violence\surv_fight_001838.mp4,0,0,1.621246337890625e-05
surv_fight_surv_fight_001843_c0d8daee1cee,data\merged\videos\non_violence\surv_fight_001843.mp4,0,0,7.033348083496094e-06
surv_fight_surv_fight_001857_4555a0a830f6,data\merged\videos\violence\surv_fight_001857.mp4,1,1,1.0
surv_fight_surv_fight_001859_ecc2e4c74709,data\merged\videos\non_violence\surv_fight_001859.mp4,0,0,0.0
surv_fight_surv_fight_001865_f1b0f707124a,data\merged\videos\violence\surv_fight_001865.mp4,1,1,1.0
surv_fight_surv_fight_001869_67359753445b,data\merged\videos\non_violence\surv_fight_001869.mp4,0,0,0.156005859375
surv_fight_surv_fight_001875_70b71f4c989c,data\merged\videos\non_violence\surv_fight_001875.mp4,0,0,0.0006852149963378906
surv_fight_surv_fight_001877_bef64f0cc71f,data\merged\videos\violence\surv_fight_001877.mp4,1,1,1.0
surv_fight_surv_fight_001886_37e576c5d39d,data\merged\videos\non_violence\surv_fight_001886.mp4,0,0,2.384185791015625e-07
surv_fight_surv_fight_001887_4f6a3b3d4b16,data\merged\videos\violence\surv_fight_001887.mp4,1,1,1.0
surv_fight_surv_fight_001889_2a6e856ea04b,data\merged\videos\violence\surv_fight_001889.mp4,1,1,1.0
surv_fight_surv_fight_001889_7943edd4d6eb,data\merged\videos\non_violence\surv_fight_001889.mp4,0,1,0.85888671875
surv_fight_surv_fight_001891_c83865804ba1,data\merged\videos\violence\surv_fight_001891.mp4,1,1,1.0
surv_fight_surv_fight_001895_6903ffe13989,data\merged\videos\violence\surv_fight_001895.mp4,1,0,0.002704620361328125
surv_fight_surv_fight_001897_71be3de92c4a,data\merged\videos\violence\surv_fight_001897.mp4,1,1,1.0
surv_fight_surv_fight_001905_a9a2ec041f33,data\merged\videos\violence\surv_fight_001905.mp4,1,1,1.0
surv_fight_surv_fight_001913_a3dda00ec8ee,data\merged\videos\violence\surv_fight_001913.mp4,1,1,1.0
surv_fight_surv_fight_001921_916c9ca9c630,data\merged\videos\violence\surv_fight_001921.mp4,1,1,1.0
surv_fight_surv_fight_001930_cba07ae42145,data\merged\videos\violence\surv_fight_001930.mp4,1,1,1.0
surv_fight_surv_fight_001942_d913462e6038,data\merged\videos\violence\surv_fight_001942.mp4,1,1,0.99951171875
surv_fight_surv_fight_001943_2053bb5f3f1c,data\merged\videos\violence\surv_fight_001943.mp4,1,1,1.0
surv_fight_surv_fight_001954_46dd6a99bde5,data\merged\videos\violence\surv_fight_001954.mp4,1,1,1.0
surv_fight_surv_fight_001961_87cd511a6154,data\merged\videos\violence\surv_fight_001961.mp4,1,1,1.0
surv_fight_surv_fight_001970_3c29e4e3ce66,data\merged\videos\violence\surv_fight_001970.mp4,1,1,1.0
surv_fight_surv_fight_001989_3855966a4b5e,data\merged\videos\violence\surv_fight_001989.mp4,1,0,0.0
surv_fight_surv_fight_001996_537e99b812ee,data\merged\videos\violence\surv_fight_001996.mp4,1,1,1.0
violent_flows_violent_flows_001503_2fecac505e06,data\merged\videos\violence\violent_flows_001503.avi,1,1,1.0
violent_flows_violent_flows_001505_a627db3de424,data\merged\videos\non_violence\violent_flows_001505.avi,0,0,2.5570392608642578e-05
violent_flows_violent_flows_001508_8db6db7b3170,data\merged\videos\violence\violent_flows_001508.avi,1,1,1.0
violent_flows_violent_flows_001519_0252b5665849,data\merged\videos\non_violence\violent_flows_001519.avi,0,0,0.00147247314453125
violent_flows_violent_flows_001529_4de90d4c2b80,data\merged\videos\violence\violent_flows_001529.avi,1,1,1.0
violent_flows_violent_flows_001530_12c7ff951103,data\merged\videos\non_violence\violent_flows_001530.avi,0,0,2.384185791015625e-07
violent_flows_violent_flows_001532_a30619de9f95,data\merged\videos\non_violence\violent_flows_001532.avi,0,0,0.0
violent_flows_violent_flows_001549_ac48b3ce0042,data\merged\videos\non_violence\violent_flows_001549.avi,0,0,8.225440979003906e-06
violent_flows_violent_flows_001552_df8c52229603,data\merged\videos\non_violence\violent_flows_001552.avi,0,0,8.344650268554688e-07
violent_flows_violent_flows_001555_b8ca711f010e,data\merged\videos\non_violence\violent_flows_001555.avi,0,0,1.2516975402832031e-06
violent_flows_violent_flows_001555_d8a2b7bab393,data\merged\videos\violence\violent_flows_001555.avi,1,1,1.0
violent_flows_violent_flows_001559_e8a515ef1519,data\merged\videos\violence\violent_flows_001559.avi,1,1,1.0
violent_flows_violent_flows_001566_63dd4ad426c5,data\merged\videos\violence\violent_flows_001566.avi,1,1,1.0
violent_flows_violent_flows_001567_b432042e507b,data\merged\videos\non_violence\violent_flows_001567.avi,0,0,4.172325134277344e-07
violent_flows_violent_flows_001571_1fd6a88c3e41,data\merged\videos\violence\violent_flows_001571.avi,1,1,1.0
violent_flows_violent_flows_001578_551b6ab669c4,data\merged\videos\non_violence\violent_flows_001578.avi,0,0,0.0
violent_flows_violent_flows_001582_f0fc6a287c8a,data\merged\videos\violence\violent_flows_001582.avi,1,1,1.0
violent_flows_violent_flows_001583_57b244595ca9,data\merged\videos\non_violence\violent_flows_001583.avi,0,0,1.8477439880371094e-06
violent_flows_violent_flows_001587_d8458f962bb0,data\merged\videos\non_violence\violent_flows_001587.avi,0,0,2.384185791015625e-07
violent_flows_violent_flows_001591_ba1d76319114,data\merged\videos\violence\violent_flows_001591.avi,1,1,1.0
violent_flows_violent_flows_001593_b2ad529a6c17,data\merged\videos\violence\violent_flows_001593.avi,1,1,1.0
violent_flows_violent_flows_001595_02e62948aa53,data\merged\videos\violence\violent_flows_001595.avi,1,1,1.0
violent_flows_violent_flows_001596_6d4cc03874b7,data\merged\videos\non_violence\violent_flows_001596.avi,0,0,1.7881393432617188e-07
violent_flows_violent_flows_001597_d205aef38ba0,data\merged\videos\non_violence\violent_flows_001597.avi,0,0,4.172325134277344e-07
violent_flows_violent_flows_001602_8518d9aebb9d,data\merged\videos\non_violence\violent_flows_001602.avi,0,0,2.956390380859375e-05
violent_flows_violent_flows_001608_b2cf8f7e4a6f,data\merged\videos\violence\violent_flows_001608.avi,1,1,1.0
violent_flows_violent_flows_001609_66c9e5fd8131,data\merged\videos\violence\violent_flows_001609.avi,1,1,1.0
violent_flows_violent_flows_001609_d6d5f49691a1,data\merged\videos\non_violence\violent_flows_001609.avi,0,0,0.0
violent_flows_violent_flows_001617_85ef45a29308,data\merged\videos\violence\violent_flows_001617.avi,1,1,1.0
violent_flows_violent_flows_001618_d3bf88beaf45,data\merged\videos\non_violence\violent_flows_001618.avi,0,0,0.0
violent_flows_violent_flows_001619_f0d407f44de1,data\merged\videos\violence\violent_flows_001619.avi,1,1,1.0
violent_flows_violent_flows_001622_a7fed2fa8031,data\merged\videos\violence\violent_flows_001622.avi,1,1,1.0
violent_flows_violent_flows_001623_23bfeddc9a8c,data\merged\videos\violence\violent_flows_001623.avi,1,1,1.0
