cache_path,clip_length,dtype,duration_sec,frame_count,height,label,label_name,merged_filename,preprocess_type,runtime_label_access,sample_fps,sha256,source_dataset,source_video,split,video_id,width
wholeframe_rgb_t50_224/samples/hockey_hockey_000041_7b9ff070e52e.pt,50,uint8,1.64,13,224,0,non_violence,hockey_000041.avi,wholeframe,forbidden,8.0,289d9237e4d38e3b974d8053619eef77fdfcb13e482ff76be0b63b2d37563422,hockey,data\merged\videos\non_violence\hockey_000041.avi,test,hockey_hockey_000041_7b9ff070e52e,224
wholeframe_rgb_t50_224/samples/movies2_movies2_001137_6b4b5cdd481a.pt,50,uint8,5.0,40,224,0,non_violence,movies2_001137.mp4,wholeframe,forbidden,8.0,75c8591fa89588fab98d23c84b8b6d73ec676d6609c260ae891f1f0a6e51d6d1,movies2,data\merged\videos\non_violence\movies2_001137.mp4,test,movies2_movies2_001137_6b4b5cdd481a,224
wholeframe_rgb_t50_224/samples/movies2_movies2_000878_9e7aba90fc08.pt,50,uint8,5.0,40,224,0,non_violence,movies2_000878.mp4,wholeframe,forbidden,8.0,8553758a3ca4f0e720a89a0f5cb5f24268861dcd24889e85d77bceec56d63b5c,movies2,data\merged\videos\non_violence\movies2_000878.mp4,test,movies2_movies2_000878_9e7aba90fc08,224
wholeframe_rgb_t50_224/samples/movies2_movies2_001124_70f4044e383a.pt,50,uint8,5.0,40,224,0,non_violence,movies2_001124.mp4,wholeframe,forbidden,8.0,128db593854eb7d3b6df3e24fd7729555d109286cac57e25eba14f5cd873306e,movies2,data\merged\videos\non_violence\movies2_001124.mp4,test,movies2_movies2_001124_70f4044e383a,224
wholeframe_rgb_t50_224/samples/movies2_movies2_000607_9c7c7cf518da.pt,50,uint8,4.75725,38,224,0,non_violence,movies2_000607.mp4,wholeframe,forbidden,8.0,d804438efbda72e7b264248f6d71adac0cbe13ab8baeeb6a40ae68b4b0185bd5,movies2,data\merged\videos\non_violence\movies2_000607.mp4,test,movies2_movies2_000607_9c7c7cf518da,224
wholeframe_rgb_t50_224/samples/movies2_movies2_000509_e52efcafc71f.pt,50,uint8,5.0,40,224,0,non_violence,movies2_000509.mp4,wholeframe,forbidden,8.0,3d458c5ad3b7b67c6926f26206412122d8f534b28f00faa6e12d1fff7bcb69fb,movies2,data\merged\videos\non_violence\movies2_000509.mp4,test,movies2_movies2_000509_e52efcafc71f,224
wholeframe_rgb_t50_224/samples/movies2_movies2_001022_d5c7ed08c740.pt,50,uint8,5.0,40,224,0,non_violence,movies2_001022.mp4,wholeframe,forbidden,8.0,2589423c86c287f46db751c67c8473c869bab70c40ca586c16e1f0fbec4c9645,movies2,data\merged\videos\non_violence\movies2_001022.mp4,test,movies2_movies2_001022_d5c7ed08c740,224
wholeframe_rgb_t50_224/samples/rwf2000_rwf2000_001656_270d750811d3.pt,50,uint8,4.6,37,224,0,non_violence,rwf2000_001656.mp4,wholeframe,forbidden,8.0,1b27e4d2cd8a74060f40244be2c1a21be7ecad2074b12d1bc13f78b5e34c6573,rwf2000,data\merged\videos\non_violence\rwf2000_001656.mp4,test,rwf2000_rwf2000_001656_270d750811d3,224
wholeframe_rgb_t50_224/samples/surv_fight_surv_fight_001779_6f7856ada3ea.pt,50,uint8,2.011927,16,224,0,non_violence,surv_fight_001779.mp4,wholeframe,forbidden,8.0,17f3a78e178830b2c9b20ead03bb46aeae582d36a894850429b7222e40ac269e,surv_fight,data\merged\videos\non_violence\surv_fight_001779.mp4,test,surv_fight_surv_fight_001779_6f7856ada3ea,224
wholeframe_rgb_t50_224/samples/movies2_movies2_001153_277816d0cda9.pt,50,uint8,3.808073,30,224,0,non_violence,movies2_001153.mp4,wholeframe,forbidden,8.0,c40c7c357f3a2cd635c53232a84da85bf70f5df2924f5c9dc9b4348a6af49da2,movies2,data\merged\videos\non_violence\movies2_001153.mp4,test,movies2_movies2_001153_277816d0cda9,224
wholeframe_rgb_t50_224/samples/movies2_movies2_001220_b309f00ab687.pt,50,uint8,4.9049,39,224,0,non_violence,movies2_001220.mp4,wholeframe,forbidden,8.0,886e6f4d728e25d472523dbacfbb90de575fc6b4349470e5c0e60c6adb9eb034,movies2,data\merged\videos\non_violence\movies2_001220.mp4,test,movies2_movies2_001220_b309f00ab687,224
wholeframe_rgb_t50_224/samples/movies2_movies2_000687_edeca5574b81.pt,50,uint8,5.0,40,224,0,non_violence,movies2_000687.mp4,wholeframe,forbidden,8.0,69d0f733b5b26d3189f17f1ad0b69521ce9e2333ec9f95d8b7e25e701b9e7100,movies2,data\merged\videos\non_violence\movies2_000687.mp4,test,movies2_movies2_000687_edeca5574b81,224
wholeframe_rgb_t50_224/samples/violent_flows_violent_flows_001505_a627db3de424.pt,50,uint8,2.88,23,224,0,non_violence,violent_flows_001505.avi,wholeframe,forbidden,8.0,a6c734abb30693487faa4708341f5f3c5fa3c2b2e554139c60e5bc19439be8b3,violent_flows,data\merged\videos\non_violence\violent_flows_001505.avi,test,violent_flows_violent_flows_001505_a627db3de424,224
wholeframe_rgb_t50_224/samples/hockey_hockey_000047_e5697219ce67.pt,50,uint8,1.64,13,224,0,non_violence,hockey_000047.avi,wholeframe,forbidden,8.0,efa158f024f7665ceb4e0b41d3ac02b48d49c5e7d72d01777dd5ec25fad4f8f2,hockey,data\merged\videos\non_violence\hockey_000047.avi,test,hockey_hockey_000047_e5697219ce67,224
wholeframe_rgb_t50_224/samples/hockey_hockey_000346_60ad228b1530.pt,50,uint8,1.64,13,224,0,non_violence,hockey_000346.avi,wholeframe,forbidden,8.0,458afdce0bbbbb8d70bc5493e2331e5d8621eb18c4f4d2737c1a8a7b3afa9ccd,hockey,data\merged\videos\non_violence\hockey_000346.avi,test,hockey_hockey_000346_60ad228b1530,224
wholeframe_rgb_t50_224/samples/movies2_movies2_000564_adfce1031d49.pt,50,uint8,5.0,40,224,0,non_violence,movies2_000564.mp4,wholeframe,forbidden,8.0,54bd9071f6f8743c0c07655c247edf2c61654b31f472a4ce557155a102506de7,movies2,data\merged\videos\non_violence\movies2_000564.mp4,test,movies2_movies2_000564_adfce1031d49,224
wholeframe_rgb_t50_224/samples/movies2_movies2_000930_f832dbcabc5d.pt,50,uint8,5.0,40,224,0,non_violence,movies2_000930.mp4,wholeframe,forbidden,8.0,ceb972e1a929dee5cdffc6b8cc2944b4efd56933303cf697301b58181a4c0821,movies2,data\merged\videos\non_violence\movies2_000930.mp4,test,movies2_movies2_000930_f832dbcabc5d,224
wholeframe_rgb_t50_224/samples/movies2_movies2_001307_af6fd8c1e67e.pt,50,uint8,5.52,44,224,0,non_violence,movies2_001307.mp4,wholeframe,forbidden,8.0,1ce1340bb6800e761efc1bad8a6c96d5136aa399f86eefc792f4f24f9b5fb8d3,movies2,data\merged\videos\non_violence\movies2_001307.mp4,test,movies2_movies2_001307_af6fd8c1e67e,224
wholeframe_rgb_t50_224/samples/movies2_movies2_001401_a74037b94b72.pt,50,uint8,5.0,40,224,0,non_violence,movies2_001401.mp4,wholeframe,forbidden,8.0,fd59afbadc745f19ca4d1d3a5d93c4d9e04d5e2a899043ab8bfe5b11a6fca53c,movies2,data\merged\videos\non_violence\movies2_001401.mp4,test,movies2_movies2_001401_a74037b94b72,224
wholeframe_rgb_t50_224/samples/movies2_movies2_000834_502cf1c504ce.pt,50,uint8,5.0,40,224,0,non_violence,movies2_000834.mp4,wholeframe,forbidden,8.0,dec549920bf466958ec991cf2e060c5537ad2d664c5715cbadec9de2a3e33c99,movies2,data\merged\videos\non_violence\movies2_000834.mp4,test,movies2_movies2_000834_502cf1c504ce,224
wholeframe_rgb_t50_224/samples/movies2_movies2_001417_898657ca87db.pt,50,uint8,5.0,40,224,0,non_violence,movies2_001417.mp4,wholeframe,forbidden,8.0,3ade539dc88aba0965bc9904099f72588d15970abb35c399b3a854283b5315ba,movies2,data\merged\videos\non_violence\movies2_001417.mp4,test,movies2_movies2_001417_898657ca87db,224
wholeframe_rgb_t50_224/samples/movies2_movies2_001268_824e75508ed9.pt,50,uint8,5.0,40,224,0,non_violence,movies2_001268.mp4,wholeframe,forbidden,8.0,8f0a51e409c2c919756c4fbfe92cd49194e8878b288b62e9d60a700083905368,movies2,data\merged\videos\non_violence\movies2_001268.mp4,test,movies2_movies2_001268_824e75508ed9,224
wholeframe_rgb_t50_224/samples/hockey_hockey_000253_25f00ae0e143.pt,50,uint8,1.64,13,224,0,non_violence,hockey_000253.avi,wholeframe,forbidden,8.0,da8f0d753a08632bb3eb67bf4f0a7345bd1696dc2559c0fbc94fa97a60fb071b,hockey,data\merged\videos\non_violence\hockey_000253.avi,test,hockey_hockey_000253_25f00ae0e143,224
wholeframe_rgb_t50_224/samples/movies2_movies2_000748_2e12f29eec26.pt,50,uint8,5.011292,40,224,0,non_violence,movies2_000748.mp4,wholeframe,forbidden,8.0,bcf838fa716715effbedff5e2b8979a413b4ac2bc4b9a70bbcb53ad84d22b3de,movies2,data\merged\videos\non_violence\movies2_000748.mp4,test,movies2_movies2_000748_2e12f29eec26,224
wholeframe_rgb_t50_224/samples/movies2_movies2_001045_2aa972513578.pt,50,uint8,5.0,40,224,0,non_violence,movies2_001045.mp4,wholeframe,forbidden,8.0,4623186674903c5636c377fbee590920f8b0f4aec17feb5357e9adeecd84305c,movies2,data\merged\videos\non_violence\movies2_001045.mp4,test,movies2_movies2_001045_2aa972513578,224
wholeframe_rgb_t50_224/samples/hockey_hockey_000158_5ff16e7c2d7e.pt,50,uint8,1.64,13,224,0,non_violence,hockey_000158.avi,wholeframe,forbidden,8.0,80f4a8cf284c2ec4f2054dea17e2a1322f22bab59b950e6310e68696d3252f04,hockey,data\merged\videos\non_violence\hockey_000158.avi,test,hockey_hockey_000158_5ff16e7c2d7e,224
wholeframe_rgb_t50_224/samples/surv_fight_surv_fight_001890_436282c89330.pt,50,uint8,2.002,16,224,0,non_violence,surv_fight_001890.mp4,wholeframe,forbidden,8.0,75c97c16d5a124f90f93fe79a37320264a10ac280176e443e1a36b9af2eccf71,surv_fight,data\merged\videos\non_violence\surv_fight_001890.mp4,test,surv_fight_surv_fight_001890_436282c89330,224
wholeframe_rgb_t50_224/samples/movies2_movies2_000566_1c857f212cc8.pt,50,uint8,5.0,40,224,0,non_violence,movies2_000566.mp4,wholeframe,forbidden,8.0,15d753c72f044360022a255ea75781d826ff1b315acd7173c343c755d1d67abd,movies2,data\merged\videos\non_violence\movies2_000566.mp4,test,movies2_movies2_000566_1c857f212cc8,224
wholeframe_rgb_t50_224/samples/movies2_movies2_001017_a02412a73aef.pt,50,uint8,5.0,40,224,0,non_violence,movies2_001017.mp4,wholeframe,forbidden,8.0,3294949f85e39f42fad9ef4653a301c0584714b3fe628aeab16168b3e8bcac5d,movies2,data\merged\videos\non_violence\movies2_001017.mp4,test,movies2_movies2_001017_a02412a73aef,224
wholeframe_rgb_t50_224/samples/hockey_hockey_000018_049f50eb2c8f.pt,50,uint8,1.64,13,224,0,non_violence,hockey_000018.avi,wholeframe,forbidden,8.0,71402b29a13c3966d11977811e4fe57db8a34dca5a0a4e56c3c4ddfd3df63889,hockey,data\merged\videos\non_violence\hockey_000018.avi,test,hockey_hockey_000018_049f50eb2c8f,224
wholeframe_rgb_t50_224/samples/violent_flows_violent_flows_001598_7a62dc1ea921.pt,50,uint8,2.88,23,224,0,non_violence,violent_flows_001598.avi,wholeframe,forbidden,8.0,001e9ee64b3fc3b9bd88baeaab29389c5970b5f391f58a7df19def109d957e11,violent_flows,data\merged\videos\non_violence\violent_flows_001598.avi,test,violent_flows_violent_flows_001598_7a62dc1ea921,224
wholeframe_rgb_t50_224/samples/hockey_hockey_000331_7076f8dc5710.pt,50,uint8,1.64,13,224,0,non_violence,hockey_000331.avi,wholeframe,forbidden,8.0,227b3db41657e29e5bb4dd1a1dd18d5f2ad5b76891dc785f6ebffc270ce9855d,hockey,data\merged\videos\non_violence\hockey_000331.avi,test,hockey_hockey_000331_7076f8dc5710,224
wholeframe_rgb_t50_224/samples/movies2_movies2_000752_f3eff719f181.pt,50,uint8,5.130125,41,224,0,non_violence,movies2_000752.mp4,wholeframe,forbidden,8.0,7a8540533d731f72bf8e961ea5184481941fc29a3459b1cd89758d9eb1522402,movies2,data\merged\videos\non_violence\movies2_000752.mp4,test,movies2_movies2_000752_f3eff719f181,224
wholeframe_rgb_t50_224/samples/surv_fight_surv_fight_001862_4ccbb03d13c8.pt,50,uint8,2.006916,16,224,0,non_violence,surv_fight_001862.mp4,wholeframe,forbidden,8.0,9368c8d2f2378d38328fe898913c8b7519836ffe137d6048fade604a15553050,surv_fight,data\merged\videos\non_violence\surv_fight_001862.mp4,test,surv_fight_surv_fight_001862_4ccbb03d13c8,224
wholeframe_rgb_t50_224/samples/movies2_movies2_001029_57861a542bd0.pt,50,uint8,5.0,40,224,0,non_violence,movies2_001029.mp4,wholeframe,forbidden,8.0,da1d98508d87644443e4a3fcd813edc00bd0c1c94abbf139f7b188a7da29b594,movies2,data\merged\videos\non_violence\movies2_001029.mp4,test,movies2_movies2_001029_57861a542bd0,224
wholeframe_rgb_t50_224/samples/hockey_hockey_000017_95d92a3ec714.pt,50,uint8,1.64,13,224,0,non_violence,hockey_000017.avi,wholeframe,forbidden,8.0,a733be0de73c3d587076a50ef63475745f42fc75e8fb6146b10c43ab52ca6edc,hockey,data\merged\videos\non_violence\hockey_000017.avi,test,hockey_hockey_000017_95d92a3ec714,224
wholeframe_rgb_t50_224/samples/hockey_hockey_000370_cc055707e051.pt,50,uint8,1.64,13,224,0,non_violence,hockey_000370.avi,wholeframe,forbidden,8.0,c3e9de24cb9cff94fefd1ab9d5b7d06c89d7d3038e76abffbbb25019a16db417,hockey,data\merged\videos\non_violence\hockey_000370.avi,test,hockey_hockey_000370_cc055707e051,224
wholeframe_rgb_t50_224/samples/movies2_movies2_001185_4ebc69c93a77.pt,50,uint8,5.0,40,224,0,non_violence,movies2_001185.mp4,wholeframe,forbidden,8.0,f64cb953689dc468d0611d196efa85ee99387956c888e99eb38986e77fa5951a,movies2,data\merged\videos\non_violence\movies2_001185.mp4,test,movies2_movies2_001185_4ebc69c93a77,224
wholeframe_rgb_t50_224/samples/violent_flows_violent_flows_001501_14ac779eeb9f.pt,50,uint8,2.712,22,224,0,non_violence,violent_flows_001501.avi,wholeframe,forbidden,8.0,00584b2f8857a287b09b4521e588d721b299b36c35f836d29bfe7db584db9204,violent_flows,data\merged\videos\non_violence\violent_flows_001501.avi,test,violent_flows_violent_flows_001501_14ac779eeb9f,224
wholeframe_rgb_t50_224/samples/movies2_movies2_000762_0a562338dfe9.pt,50,uint8,5.0,40,224,0,non_violence,movies2_000762.mp4,wholeframe,forbidden,8.0,d1ce813139dcccab1a1dc4a49efa32d5b13531a4271035440dcef9b5d07a28f1,movies2,data\merged\videos\non_violence\movies2_000762.mp4,test,movies2_movies2_000762_0a562338dfe9,224
wholeframe_rgb_t50_224/samples/movies2_movies2_001350_9b46538655ce.pt,50,uint8,4.514671,36,224,0,non_violence,movies2_001350.mp4,wholeframe,forbidden,8.0,53f6d9c90537181ef49d7a5f3aeef3b99d3bcbafd8b21037ca61d2e20b3669a5,movies2,data\merged\videos\non_violence\movies2_001350.mp4,test,movies2_movies2_001350_9b46538655ce,224
wholeframe_rgb_t50_224/samples/hockey_hockey_000002_792ccd44aed4.pt,50,uint8,1.64,13,224,0,non_violence,hockey_000002.avi,wholeframe,forbidden,8.0,b64011eec8c633a0ac840618571ebb6caf3db0c49bd68a6656d810f5b45ff5ae,hockey,data\merged\videos\non_violence\hockey_000002.avi,test,hockey_hockey_000002_792ccd44aed4,224
wholeframe_rgb_t50_224/samples/violent_flows_violent_flows_001617_a72c3e575c66.pt,50,uint8,2.088,17,224,0,non_violence,violent_flows_001617.avi,wholeframe,forbidden,8.0,8d3943b359bf5ff6134f16fdd0c0d629b787c1a18a85d1c96b8f23efb03f1a59,violent_flows,data\merged\videos\non_violence\violent_flows_001617.avi,test,violent_flows_violent_flows_001617_a72c3e575c66,224
wholeframe_rgb_t50_224/samples/movies2_movies2_001251_d90fc183450c.pt,50,uint8,5.0,40,224,0,non_violence,movies2_001251.mp4,wholeframe,forbidden,8.0,4233ccaff79a8695dc97fd6882c12065eeccbb2fc7a9d8ca590a22b6e3126271,movies2,data\merged\videos\non_violence\movies2_001251.mp4,test,movies2_movies2_001251_d90fc183450c,224
wholeframe_rgb_t50_224/samples/rwf2000_rwf2000_001702_31366fbdf0f7.pt,50,uint8,5.266667,42,224,0,non_violence,rwf2000_001702.mp4,wholeframe,forbidden,8.0,d4a3cd8327c1349a228bd70ae99c0578b61b2664d03c6b15af0ee33fdf5b6947,rwf2000,data\merged\videos\non_violence\rwf2000_001702.mp4,test,rwf2000_rwf2000_001702_31366fbdf0f7,224
wholeframe_rgb_t50_224/samples/surv_fight_surv_fight_001849_7134a87eb377.pt,50,uint8,2.007914,16,224,0,non_violence,surv_fight_001849.mp4,wholeframe,forbidden,8.0,35fc618e0376e8c83a5d0762c9b5e3c7e52562f4ca07272a9d0b8426cd3ed8dc,surv_fight,data\merged\videos\non_violence\surv_fight_001849.mp4,test,surv_fight_surv_fight_001849_7134a87eb377,224
wholeframe_rgb_t50_224/samples/movies2_movies2_001485_e084e214b129.pt,50,uint8,5.0,40,224,0,non_violence,movies2_001485.avi,wholeframe,forbidden,8.0,c116e1cce3ab58473fcc202a8528d59d75cbeb51560376bb80faaf4150f22b1d,movies2,data\merged\videos\non_violence\movies2_001485.avi,test,movies2_movies2_001485_e084e214b129,224
wholeframe_rgb_t50_224/samples/movies2_movies2_001021_1a60d026b134.pt,50,uint8,5.0,40,224,0,non_violence,movies2_001021.mp4,wholeframe,forbidden,8.0,519e8296ba628b2ea2aa7801cfefdc34882dae6d877c880924952aa24372aaf4,movies2,data\merged\videos\non_violence\movies2_001021.mp4,test,movies2_movies2_001021_1a60d026b134,224
wholeframe_rgb_t50_224/samples/movies2_movies2_001295_1629cc9f4733.pt,50,uint8,5.0,40,224,0,non_violence,movies2_001295.mp4,wholeframe,forbidden,8.0,41c4942209f498ec0493ea51df400eb3f433a4935947e3f9a9e772c68c2e2d98,movies2,data\merged\videos\non_violence\movies2_001295.mp4,test,movies2_movies2_001295_1629cc9f4733,224
wholeframe_rgb_t50_224/samples/movies2_movies2_000690_63602f6cb085.pt,50,uint8,4.32,35,224,0,non_violence,movies2_000690.mp4,wholeframe,forbidden,8.0,2cf6b0dc3327070f8d4be744321faaa89fc90bb0a1365a75b1268c416a9f2dba,movies2,data\merged\videos\non_violence\movies2_000690.mp4,test,movies2_movies2_000690_63602f6cb085,224
wholeframe_rgb_t50_224/samples/movies2_movies2_000981_b66aff017179.pt,50,uint8,5.0,40,224,0,non_violence,movies2_000981.mp4,wholeframe,forbidden,8.0,db4acc97e0ce9ad2c2f480286c273a13f6166d9c4cf89da8d9cef340b68e63cb,movies2,data\merged\videos\non_violence\movies2_000981.mp4,test,movies2_movies2_000981_b66aff017179,224
wholeframe_rgb_t50_224/samples/movies2_movies2_000952_cf3d7f062554.pt,50,uint8,5.0,40,224,0,non_violence,movies2_000952.mp4,wholeframe,forbidden,8.0,d499dad0533774c6dd18172fa44cec34c710d728a4f168fb1fccdf95d6b12ec7,movies2,data\merged\videos\non_violence\movies2_000952.mp4,test,movies2_movies2_000952_cf3d7f062554,224
wholeframe_rgb_t50_224/samples/violent_flows_violent_flows_001607_16a9d2a1dd18.pt,50,uint8,1.176,9,224,0,non_violence,violent_flows_001607.avi,wholeframe,forbidden,8.0,b04360247b177bd525b3d93c007cd54d02069664fa4f6ade611d804c5700b782,violent_flows,data\merged\videos\non_violence\violent_flows_001607.avi,test,violent_flows_violent_flows_001607_16a9d2a1dd18,224
wholeframe_rgb_t50_224/samples/movies2_movies2_001142_7a3d19dd8c36.pt,50,uint8,5.0,40,224,0,non_violence,movies2_001142.mp4,wholeframe,forbidden,8.0,068bb22c5c37617c091c89ab3f99106da5e150fc54970624cedfd9b35ae025d9,movies2,data\merged\videos\non_violence\movies2_001142.mp4,test,movies2_movies2_001142_7a3d19dd8c36,224
wholeframe_rgb_t50_224/samples/movies2_movies2_001026_76c6df6c3d3f.pt,50,uint8,5.0,40,224,0,non_violence,movies2_001026.mp4,wholeframe,forbidden,8.0,fa3712116a49d4f704bc29a35c66006cf1f368c23289c3704836d693b294a57c,movies2,data\merged\videos\non_violence\movies2_001026.mp4,test,movies2_movies2_001026_76c6df6c3d3f,224
wholeframe_rgb_t50_224/samples/surv_fight_surv_fight_001837_60092dfee2e0.pt,50,uint8,2.005918,16,224,0,non_violence,surv_fight_001837.mp4,wholeframe,forbidden,8.0,5e65a649ebaa46c55b816e015f39998d9b21419ecf03b63e6f9301ce233c48c7,surv_fight,data\merged\videos\non_violence\surv_fight_001837.mp4,test,surv_fight_surv_fight_001837_60092dfee2e0,224
wholeframe_rgb_t50_224/samples/movies2_movies2_000704_e1ddd5acf27e.pt,50,uint8,5.003288,40,224,0,non_violence,movies2_000704.mp4,wholeframe,forbidden,8.0,c1b109b2732429fd62ce0a7fba7e0f050bb8c92e25a3e234c942ccfcb252e8b8,movies2,data\merged\videos\non_violence\movies2_000704.mp4,test,movies2_movies2_000704_e1ddd5acf27e,224
wholeframe_rgb_t50_224/samples/movies2_movies2_000838_a7b98f69759f.pt,50,uint8,5.0,40,224,0,non_violence,movies2_000838.mp4,wholeframe,forbidden,8.0,7d1d4ee42f998724611cc8571d36bdbfec5665240c9861b0490911aea6c7d667,movies2,data\merged\videos\non_violence\movies2_000838.mp4,test,movies2_movies2_000838_a7b98f69759f,224
wholeframe_rgb_t50_224/samples/movies2_movies2_000642_03c57812e259.pt,50,uint8,5.0,40,224,0,non_violence,movies2_000642.mp4,wholeframe,forbidden,8.0,71a2b2f4ce06e9d817c33eac271f3c064651c6077695db5c4db5dc007f3988e0,movies2,data\merged\videos\non_violence\movies2_000642.mp4,test,movies2_movies2_000642_03c57812e259,224
wholeframe_rgb_t50_224/samples/hockey_hockey_000321_de8665ec0e0a.pt,50,uint8,1.64,13,224,0,non_violence,hockey_000321.avi,wholeframe,forbidden,8.0,76d2a680baacd4b17b2edcaf86b00009544a57bdb0057245b4d71d08acbc0c69,hockey,data\merged\videos\non_violence\hockey_000321.avi,test,hockey_hockey_000321_de8665ec0e0a,224
wholeframe_rgb_t50_224/samples/movies2_movies2_001040_5d62bf89860b.pt,50,uint8,5.0,40,224,0,non_violence,movies2_001040.mp4,wholeframe,forbidden,8.0,ba137d7e4c76f8538937babaa98f0461f7a3722ca8569ff50c847b453904fff0,movies2,data\merged\videos\non_violence\movies2_001040.mp4,test,movies2_movies2_001040_5d62bf89860b,224
wholeframe_rgb_t50_224/samples/movies2_movies2_000636_cdf6dd6b2e1f.pt,50,uint8,4.015827,32,224,0,non_violence,movies2_000636.mp4,wholeframe,forbidden,8.0,7b04a69ad674dd78a2c4c6338b7e6e27ad77d92abce3a3c5d681d2fa41dad02f,movies2,data\merged\videos\non_violence\movies2_000636.mp4,test,movies2_movies2_000636_cdf6dd6b2e1f,224
wholeframe_rgb_t50_224/samples/movies2_movies2_000852_3e84057a1028.pt,50,uint8,5.0,40,224,0,non_violence,movies2_000852.mp4,wholeframe,forbidden,8.0,149a178e5d622a962735f6270ebf4bb26e1f90d6a40ced2c762198aec474eb7f,movies2,data\merged\videos\non_violence\movies2_000852.mp4,test,movies2_movies2_000852_3e84057a1028,224
wholeframe_rgb_t50_224/samples/rwf2000_rwf2000_001644_ea6619a71f51.pt,50,uint8,6.2,50,224,0,non_violence,rwf2000_001644.mp4,wholeframe,forbidden,8.0,a8433f3825146fffa42c79d99209984f8757f2d450fbcb4c69bc06e9b4760efc,rwf2000,data\merged\videos\non_violence\rwf2000_001644.mp4,test,rwf2000_rwf2000_001644_ea6619a71f51,224
wholeframe_rgb_t50_224/samples/surv_fight_surv_fight_001804_0e1fc0b12b73.pt,50,uint8,2.008911,16,224,0,non_violence,surv_fight_001804.mp4,wholeframe,forbidden,8.0,8f0b4e6fdd8cce633e7511fbdd659ff3f1c911f541369d35d5bdbb98f3e8f8f5,surv_fight,data\merged\videos\non_violence\surv_fight_001804.mp4,test,surv_fight_surv_fight_001804_0e1fc0b12b73,224
wholeframe_rgb_t50_224/samples/movies2_movies2_000774_8b51e8b439f5.pt,50,uint8,4.721656,38,224,0,non_violence,movies2_000774.mp4,wholeframe,forbidden,8.0,1b35c03c393a2b9a13a08e72e4956fc90b9fb26ed5fb793fbbaf0c8c9c719552,movies2,data\merged\videos\non_violence\movies2_000774.mp4,test,movies2_movies2_000774_8b51e8b439f5,224
wholeframe_rgb_t50_224/samples/violent_flows_violent_flows_001544_9cada68d236f.pt,50,uint8,3.288,26,224,0,non_violence,violent_flows_001544.avi,wholeframe,forbidden,8.0,d9d14175d8d3e49c9e2d881ebab2d70b4275b87a812e983dfe8e50e7b5dca3f0,violent_flows,data\merged\videos\non_violence\violent_flows_001544.avi,test,violent_flows_violent_flows_001544_9cada68d236f,224
wholeframe_rgb_t50_224/samples/movies2_movies2_001460_736a4823a872.pt,50,uint8,5.0,40,224,0,non_violence,movies2_001460.avi,wholeframe,forbidden,8.0,b9e031131863a6c90c5d398d4681bc3da2d34652b4e98b838b178548ebd399ba,movies2,data\merged\videos\non_violence\movies2_001460.avi,test,movies2_movies2_001460_736a4823a872,224
wholeframe_rgb_t50_224/samples/movies2_movies2_000646_c229c8ca303e.pt,50,uint8,5.0,40,224,0,non_violence,movies2_000646.mp4,wholeframe,forbidden,8.0,8c7418ca4ec793569416dc6ec5ce97332b66a7c8b95d9829334bef0edfcc1fc1,movies2,data\merged\videos\non_violence\movies2_000646.mp4,test,movies2_movies2_000646_c229c8ca303e,224
wholeframe_rgb_t50_224/samples/movies2_movies2_001298_2f62a50c7dea.pt,50,uint8,5.0,40,224,0,non_violence,movies2_001298.mp4,wholeframe,forbidden,8.0,b13f267091971d1e1aca012055ba0af2db197f140a26d89f881800247078b40f,movies2,data\merged\videos\non_violence\movies2_001298.mp4,test,movies2_movies2_001298_2f62a50c7dea,224
wholeframe_rgb_t50_224/samples/movies2_movies2_000806_5d24cdceeabe.pt,50,uint8,5.0,40,224,0,non_violence,movies2_000806.mp4,wholeframe,forbidden,8.0,ed62701dbd95d3d7ccaecc04c64ccdf5f644d344c520afc3884578ed400cfd17,movies2,data\merged\videos\non_violence\movies2_000806.mp4,test,movies2_movies2_000806_5d24cdceeabe,224
wholeframe_rgb_t50_224/samples/hockey_hockey_000258_34d4d806ceac.pt,50,uint8,1.64,13,224,0,non_violence,hockey_000258.avi,wholeframe,forbidden,8.0,a823b7de10d88d3fcc1412a9736953d122419e5fc15720baba82018b6f927c10,hockey,data\merged\videos\non_violence\hockey_000258.avi,test,hockey_hockey_000258_34d4d806ceac,224
wholeframe_rgb_t50_224/samples/rwf2000_rwf2000_001658_fc0a73623760.pt,50,uint8,5.1,41,224,0,non_violence,rwf2000_001658.mp4,wholeframe,forbidden,8.0,9a051536f507a90a101115016c9e7d4c8269f4be808f2cb0252bd132158388fc,rwf2000,data\merged\videos\non_violence\rwf2000_001658.mp4,test,rwf2000_rwf2000_001658_fc0a73623760,224
wholeframe_rgb_t50_224/samples/movies2_movies2_000822_a6e382f0fbf1.pt,50,uint8,5.0,40,224,0,non_violence,movies2_000822.mp4,wholeframe,forbidden,8.0,f092bb0eb6609b5a8bab23e1de3b1a44187ec250deda81c6bc3509e73713404f,movies2,data\merged\videos\non_violence\movies2_000822.mp4,test,movies2_movies2_000822_a6e382f0fbf1,224
wholeframe_rgb_t50_224/samples/movies2_movies2_000601_3044e53ca6b8.pt,50,uint8,2.0,16,224,0,non_violence,movies2_000601.mp4,wholeframe,forbidden,8.0,cb9c0d42121c4a4ea8e80de2f238a52fdffabe6a9425907eb6be351b241997a0,movies2,data\merged\videos\non_violence\movies2_000601.mp4,test,movies2_movies2_000601_3044e53ca6b8,224
wholeframe_rgb_t50_224/samples/hockey_hockey_000153_c596493b93dc.pt,50,uint8,1.64,13,224,0,non_violence,hockey_000153.avi,wholeframe,forbidden,8.0,406fcd0de46b3fcdaa66d09284b1566d40a8ef28b6a7ed9a63d89ed18f53baff,hockey,data\merged\videos\non_violence\hockey_000153.avi,test,hockey_hockey_000153_c596493b93dc,224
wholeframe_rgb_t50_224/samples/rwf2000_rwf2000_001738_29d795e6c244.pt,50,uint8,5.4,43,224,0,non_violence,rwf2000_001738.mp4,wholeframe,forbidden,8.0,9ce1fa6868dbfa71615cbd801693da8e030077d31c4d274058c23c22c79b119e,rwf2000,data\merged\videos\non_violence\rwf2000_001738.mp4,test,rwf2000_rwf2000_001738_29d795e6c244,224
wholeframe_rgb_t50_224/samples/hockey_hockey_000191_3801ce9ffad3.pt,50,uint8,1.64,13,224,0,non_violence,hockey_000191.avi,wholeframe,forbidden,8.0,5a630fd831a2ec4048ca4149f0392d173c8ef85c484b21e4c26b842474239ebf,hockey,data\merged\videos\non_violence\hockey_000191.avi,test,hockey_hockey_000191_3801ce9ffad3,224
wholeframe_rgb_t50_224/samples/surv_fight_surv_fight_001865_6a6cea03005b.pt,50,uint8,2.012925,16,224,0,non_violence,surv_fight_001865.mp4,wholeframe,forbidden,8.0,bb4993c693aca725d39197f40b13a11c55cc322446d1e479649c9489c9c2f694,surv_fight,data\merged\videos\non_violence\surv_fight_001865.mp4,test,surv_fight_surv_fight_001865_6a6cea03005b,224
wholeframe_rgb_t50_224/samples/surv_fight_surv_fight_001774_f6a03421fddb.pt,50,uint8,2.004921,16,224,0,non_violence,surv_fight_001774.mp4,wholeframe,forbidden,8.0,6c25ddb2b91f0e03b4e6fa7fac00ef389849c916970dda2cf269169a00c1dc91,surv_fight,data\merged\videos\non_violence\surv_fight_001774.mp4,test,surv_fight_surv_fight_001774_f6a03421fddb,224
wholeframe_rgb_t50_224/samples/hockey_hockey_000497_420e41c8e762.pt,50,uint8,1.64,13,224,0,non_violence,hockey_000497.avi,wholeframe,forbidden,8.0,614691ccd02a4cc1c0ec66f8e8321005ef107a41195515ba7822beaf101ebd70,hockey,data\merged\videos\non_violence\hockey_000497.avi,test,hockey_hockey_000497_420e41c8e762,224
wholeframe_rgb_t50_224/samples/movies2_movies2_000992_8e33a55e8ffa.pt,50,uint8,5.0,40,224,0,non_violence,movies2_000992.mp4,wholeframe,forbidden,8.0,25ac64b4f31f014e3deb321735ac82427f42dc1408d93b93ea7ea51330ae4420,movies2,data\merged\videos\non_violence\movies2_000992.mp4,test,movies2_movies2_000992_8e33a55e8ffa,224
wholeframe_rgb_t50_224/samples/rwf2000_rwf2000_001654_0d31aa71408a.pt,50,uint8,6.4,50,224,0,non_violence,rwf2000_001654.mp4,wholeframe,forbidden,8.0,712d3d9e287373f3d69744172b45e4faa29ca9b6706c4a8d7d627c612ce63200,rwf2000,data\merged\videos\non_violence\rwf2000_001654.mp4,test,rwf2000_rwf2000_001654_0d31aa71408a,224
wholeframe_rgb_t50_224/samples/movies2_movies2_001073_46dba513edef.pt,50,uint8,5.0,40,224,0,non_violence,movies2_001073.mp4,wholeframe,forbidden,8.0,bb0bf8074b2cabc98b83a03e12ebff183121607662e74b5e61938c33fcf5d29a,movies2,data\merged\videos\non_violence\movies2_001073.mp4,test,movies2_movies2_001073_46dba513edef,224
wholeframe_rgb_t50_224/samples/violent_flows_violent_flows_001610_933d3f0516c1.pt,50,uint8,2.856,23,224,0,non_violence,violent_flows_001610.avi,wholeframe,forbidden,8.0,3a95a18115e0a4930fde267816544d2538b5f7575bef5c4c709e1fa89030923f,violent_flows,data\merged\videos\non_violence\violent_flows_001610.avi,test,violent_flows_violent_flows_001610_933d3f0516c1,224
wholeframe_rgb_t50_224/samples/surv_fight_surv_fight_001781_874208e55e63.pt,50,uint8,2.004921,16,224,0,non_violence,surv_fight_001781.mp4,wholeframe,forbidden,8.0,0fa24e20cd659c521217d998a8fcc4f392eed58d6647f3c9b110e3b548df740f,surv_fight,data\merged\videos\non_violence\surv_fight_001781.mp4,test,surv_fight_surv_fight_001781_874208e55e63,224
wholeframe_rgb_t50_224/samples/movies2_movies2_001071_74a0e0b5582e.pt,50,uint8,5.0,40,224,0,non_violence,movies2_001071.mp4,wholeframe,forbidden,8.0,d7106c459721cefc0fafb3ad6607b7e9a41143eda732b76a185e67f1e7713a23,movies2,data\merged\videos\non_violence\movies2_001071.mp4,test,movies2_movies2_001071_74a0e0b5582e,224
wholeframe_rgb_t50_224/samples/hockey_hockey_000285_983f43cfabc4.pt,50,uint8,1.64,13,224,0,non_violence,hockey_000285.avi,wholeframe,forbidden,8.0,3297cbd1f7a27ebca01481a99cbc7de09ffc4a72493f22c0fe5fdfdebab65629,hockey,data\merged\videos\non_violence\hockey_000285.avi,test,hockey_hockey_000285_983f43cfabc4,224
wholeframe_rgb_t50_224/samples/movies2_movies2_000575_0cbe6527c5e0.pt,50,uint8,5.0,40,224,0,non_violence,movies2_000575.mp4,wholeframe,forbidden,8.0,195855942610851ec06bb1e1babe7a5704d3c551359e25a105d013f1621860e5,movies2,data\merged\videos\non_violence\movies2_000575.mp4,test,movies2_movies2_000575_0cbe6527c5e0,224
wholeframe_rgb_t50_224/samples/movies2_movies2_001196_eeb6f2086b30.pt,50,uint8,4.800318,38,224,0,non_violence,movies2_001196.mp4,wholeframe,forbidden,8.0,3098c7141f264cf61e1b7cda3c2969bab17e83ed8dde7685bccfedc3673f4c8e,movies2,data\merged\videos\non_violence\movies2_001196.mp4,test,movies2_movies2_001196_eeb6f2086b30,224
wholeframe_rgb_t50_224/samples/hockey_hockey_000270_85059a7a3d6e.pt,50,uint8,1.64,13,224,0,non_violence,hockey_000270.avi,wholeframe,forbidden,8.0,8eff21d261df2948a5ec7e10327b12a7ed5d8269d4869cb88bef8668c4c0fc4c,hockey,data\merged\videos\non_violence\hockey_000270.avi,test,hockey_hockey_000270_85059a7a3d6e,224
wholeframe_rgb_t50_224/samples/movies2_movies2_001452_24829dd9a0ab.pt,50,uint8,5.0,40,224,0,non_violence,movies2_001452.avi,wholeframe,forbidden,8.0,12a07faabd9818ca91606360e9062c03d11bcdc5d428dc91fef755f87f6ffb9c,movies2,data\merged\videos\non_violence\movies2_001452.avi,test,movies2_movies2_001452_24829dd9a0ab,224
wholeframe_rgb_t50_224/samples/movies2_movies2_001482_5eef7f6cb990.pt,50,uint8,5.0,40,224,0,non_violence,movies2_001482.avi,wholeframe,forbidden,8.0,cf6fe045b8ad6545cb756ecd8684ad41e5e58361b55c43cde8ee677f4dc22164,movies2,data\merged\videos\non_violence\movies2_001482.avi,test,movies2_movies2_001482_5eef7f6cb990,224
wholeframe_rgb_t50_224/samples/movies2_movies2_000750_6665a2f8927d.pt,50,uint8,5.213542,42,224,0,non_violence,movies2_000750.mp4,wholeframe,forbidden,8.0,9d38d04c87faa2bbbb2e9a57fc3973d6a3079c44c7aa61551e44057cdaf1c41d,movies2,data\merged\videos\non_violence\movies2_000750.mp4,test,movies2_movies2_000750_6665a2f8927d,224
wholeframe_rgb_t50_224/samples/surv_fight_surv_fight_001796_cc5db847267e.pt,50,uint8,2.003923,16,224,0,non_violence,surv_fight_001796.mp4,wholeframe,forbidden,8.0,97065ba437e4f0e7ee841d3a574a841720c7ebdd07b7207172be9bef32751ce0,surv_fight,data\merged\videos\non_violence\surv_fight_001796.mp4,test,surv_fight_surv_fight_001796_cc5db847267e,224
wholeframe_rgb_t50_224/samples/movies2_movies2_000805_b41127c6d407.pt,50,uint8,5.0,40,224,0,non_violence,movies2_000805.mp4,wholeframe,forbidden,8.0,9fb2c951abe1967ed1986c5c47a4fbcd0ec0efa4d5609d754684b7273a21b783,movies2,data\merged\videos\non_violence\movies2_000805.mp4,test,movies2_movies2_000805_b41127c6d407,224
wholeframe_rgb_t50_224/samples/movies2_movies2_000785_8b8a54638cf2.pt,50,uint8,2.922625,23,224,0,non_violence,movies2_000785.mp4,wholeframe,forbidden,8.0,7e294fdaef20b9c8a13c5aab1e8904ec5cea83ce5e1e578cc150167ece50c8d0,movies2,data\merged\videos\non_violence\movies2_000785.mp4,test,movies2_movies2_000785_8b8a54638cf2,224
wholeframe_rgb_t50_224/samples/hockey_hockey_000038_254bc5fc4d9d.pt,50,uint8,1.64,13,224,0,non_violence,hockey_000038.avi,wholeframe,forbidden,8.0,626999adb91bc8fe03acab654bcac24abafe3215b57fe8a20a950e586a0624a3,hockey,data\merged\videos\non_violence\hockey_000038.avi,test,hockey_hockey_000038_254bc5fc4d9d,224
wholeframe_rgb_t50_224/samples/movies2_movies2_000710_fe530d614328.pt,50,uint8,4.412789,35,224,0,non_violence,movies2_000710.mp4,wholeframe,forbidden,8.0,63ae586bac11edbd290cefdab50039306841bae2974065f364cbb6064c507934,movies2,data\merged\videos\non_violence\movies2_000710.mp4,test,movies2_movies2_000710_fe530d614328,224
wholeframe_rgb_t50_224/samples/rwf2000_rwf2000_001715_8e5d268576c2.pt,50,uint8,8.7,50,224,0,non_violence,rwf2000_001715.mp4,wholeframe,forbidden,8.0,aeb4be197beafde378dccec1ed076c739695231da26070b519261eb76ed9d720,rwf2000,data\merged\videos\non_violence\rwf2000_001715.mp4,test,rwf2000_rwf2000_001715_8e5d268576c2,224
wholeframe_rgb_t50_224/samples/movies2_movies2_000855_a2c67673ede4.pt,50,uint8,5.0,40,224,0,non_violence,movies2_000855.mp4,wholeframe,forbidden,8.0,a2ffc2ff433842072db7dbc2341fc1485033648c070fb12fff0cca0361903f8c,movies2,data\merged\videos\non_violence\movies2_000855.mp4,test,movies2_movies2_000855_a2c67673ede4,224
wholeframe_rgb_t50_224/samples/movies2_movies2_000791_583c468b0efe.pt,50,uint8,4.504671,36,224,0,non_violence,movies2_000791.mp4,wholeframe,forbidden,8.0,a3589d8c251c45810b897ea236d937d774dd79364cf38b19701dd85c4ea2653c,movies2,data\merged\videos\non_violence\movies2_000791.mp4,test,movies2_movies2_000791_583c468b0efe,224
wholeframe_rgb_t50_224/samples/rwf2000_rwf2000_001726_1b29f83a7fb2.pt,50,uint8,5.9,47,224,0,non_violence,rwf2000_001726.mp4,wholeframe,forbidden,8.0,3c973612846e3f87c362581a9f64f93f662b214f5fc89d71cf75a61a8ebe1204,rwf2000,data\merged\videos\non_violence\rwf2000_001726.mp4,test,rwf2000_rwf2000_001726_1b29f83a7fb2,224
wholeframe_rgb_t50_224/samples/rwf2000_rwf2000_001695_a284d5029513.pt,50,uint8,4.333333,35,224,0,non_violence,rwf2000_001695.mp4,wholeframe,forbidden,8.0,e216427bbd9686356eb393668f8c3018cc366e897b7b9756a1647f7512487ff2,rwf2000,data\merged\videos\non_violence\rwf2000_001695.mp4,test,rwf2000_rwf2000_001695_a284d5029513,224
wholeframe_rgb_t50_224/samples/movies2_movies2_001057_35235d5e2f97.pt,50,uint8,4.12,33,224,0,non_violence,movies2_001057.mp4,wholeframe,forbidden,8.0,23846002d4e4ec3a89c815a6edf4a281ab3b11d2c94b36e1ef989fb3f8d96bad,movies2,data\merged\videos\non_violence\movies2_001057.mp4,test,movies2_movies2_001057_35235d5e2f97,224
wholeframe_rgb_t50_224/samples/movies2_movies2_001497_c7aa95dd8ca3.pt,50,uint8,5.0,40,224,0,non_violence,movies2_001497.avi,wholeframe,forbidden,8.0,b29ae4c225161dfdd484b289aa4212becebe6215b95578fb765fe9f1038b5138,movies2,data\merged\videos\non_violence\movies2_001497.avi,test,movies2_movies2_001497_c7aa95dd8ca3,224
wholeframe_rgb_t50_224/samples/movies2_movies2_000516_20a34a67f55f.pt,50,uint8,5.0,40,224,0,non_violence,movies2_000516.mp4,wholeframe,forbidden,8.0,3abd622a0b736346b4e38631636a9a7031dcb693fa662846c22ba3ed4e656278,movies2,data\merged\videos\non_violence\movies2_000516.mp4,test,movies2_movies2_000516_20a34a67f55f,224
wholeframe_rgb_t50_224/samples/movies2_movies2_000557_adb1f948dcbe.pt,50,uint8,5.0,40,224,0,non_violence,movies2_000557.mp4,wholeframe,forbidden,8.0,f7fd58396594c77584e20984886a217ca2c31adb046294e0378c963cea3e6e86,movies2,data\merged\videos\non_violence\movies2_000557.mp4,test,movies2_movies2_000557_adb1f948dcbe,224
wholeframe_rgb_t50_224/samples/hockey_hockey_000392_56b72c7a6957.pt,50,uint8,1.64,13,224,0,non_violence,hockey_000392.avi,wholeframe,forbidden,8.0,286ad5d4834d5b1ea21197060ca7414d737639768d4b8f4a3d10a9195c68e33b,hockey,data\merged\videos\non_violence\hockey_000392.avi,test,hockey_hockey_000392_56b72c7a6957,224
wholeframe_rgb_t50_224/samples/violent_flows_violent_flows_001545_91c69e22d1c6.pt,50,uint8,3.72,30,224,0,non_violence,violent_flows_001545.avi,wholeframe,forbidden,8.0,e87596e37fae1b7eb208e72b6f163950e4d0475c850797813cb3ab5b470bed2f,violent_flows,data\merged\videos\non_violence\violent_flows_001545.avi,test,violent_flows_violent_flows_001545_91c69e22d1c6,224
wholeframe_rgb_t50_224/samples/movies2_movies2_000664_aef33cceb0cc.pt,50,uint8,5.0,40,224,0,non_violence,movies2_000664.mp4,wholeframe,forbidden,8.0,89a8d42ed9876d5ecbc47e74fddbc7b20bb4b6b3c3efc9e8a00af670636e0bd8,movies2,data\merged\videos\non_violence\movies2_000664.mp4,test,movies2_movies2_000664_aef33cceb0cc,224
wholeframe_rgb_t50_224/samples/movies2_movies2_001087_c1156e965b52.pt,50,uint8,5.0,40,224,0,non_violence,movies2_001087.mp4,wholeframe,forbidden,8.0,efcb09887daf59ada63db9a3c8354f75feb1f05901e7f7007ddbf44209197b80,movies2,data\merged\videos\non_violence\movies2_001087.mp4,test,movies2_movies2_001087_c1156e965b52,224
wholeframe_rgb_t50_224/samples/violent_flows_violent_flows_001599_94a90fca8bfb.pt,50,uint8,3.0,24,224,0,non_violence,violent_flows_001599.avi,wholeframe,forbidden,8.0,51860092913fa40178b8450547cc166bec955d0d229320fe976f61f3d44a3df5,violent_flows,data\merged\videos\non_violence\violent_flows_001599.avi,test,violent_flows_violent_flows_001599_94a90fca8bfb,224
wholeframe_rgb_t50_224/samples/hockey_hockey_000015_c64854271602.pt,50,uint8,1.64,13,224,0,non_violence,hockey_000015.avi,wholeframe,forbidden,8.0,7bafd5373438bdcabbf25bbb835d97e738d15378bd44c3fb891264215e678023,hockey,data\merged\videos\non_violence\hockey_000015.avi,test,hockey_hockey_000015_c64854271602,224
wholeframe_rgb_t50_224/samples/surv_fight_surv_fight_001745_5c902b999b75.pt,50,uint8,3.40712,27,224,0,non_violence,surv_fight_001745.mp4,wholeframe,forbidden,8.0,e5e2604100f6e9283e0ad025cff95030210f5ca10fb082de7937323999b014aa,surv_fight,data\merged\videos\non_violence\surv_fight_001745.mp4,test,surv_fight_surv_fight_001745_5c902b999b75,224
wholeframe_rgb_t50_224/samples/movies2_movies2_000749_280da951465b.pt,50,uint8,3.72,30,224,0,non_violence,movies2_000749.mp4,wholeframe,forbidden,8.0,7f7e3d1aeab4fbbf536a97a2e6f7ab84fd063b37cc72030af03ce808b5e64f8f,movies2,data\merged\videos\non_violence\movies2_000749.mp4,test,movies2_movies2_000749_280da951465b,224
wholeframe_rgb_t50_224/samples/rwf2000_rwf2000_001741_421987bcee18.pt,50,uint8,4.9,39,224,0,non_violence,rwf2000_001741.mp4,wholeframe,forbidden,8.0,090f2474c31ebbae0d994694acc1ebeb8cb1abf9a285357da3eab8e66beb5082,rwf2000,data\merged\videos\non_violence\rwf2000_001741.mp4,test,rwf2000_rwf2000_001741_421987bcee18,224
wholeframe_rgb_t50_224/samples/hockey_hockey_000386_b855d06040df.pt,50,uint8,1.64,13,224,0,non_violence,hockey_000386.avi,wholeframe,forbidden,8.0,cf36f1c783ec3a882856f09bbf4a149cf78b0ae7daccb8a644bd995c58b07864,hockey,data\merged\videos\non_violence\hockey_000386.avi,test,hockey_hockey_000386_b855d06040df,224
wholeframe_rgb_t50_224/samples/movies2_movies2_000649_8971d08c579c.pt,50,uint8,5.0,40,224,0,non_violence,movies2_000649.mp4,wholeframe,forbidden,8.0,9f02f75a16c980a0439ab961673447ad58e266b84d93265e5363909a87155cad,movies2,data\merged\videos\non_violence\movies2_000649.mp4,test,movies2_movies2_000649_8971d08c579c,224
wholeframe_rgb_t50_224/samples/movies2_movies2_001184_2efc0de38872.pt,50,uint8,5.0,40,224,0,non_violence,movies2_001184.mp4,wholeframe,forbidden,8.0,3751058ae4cb7a9c1b7e09df9bbc5baeef78d6ffa37f93878af2ed0f037b3536,movies2,data\merged\videos\non_violence\movies2_001184.mp4,test,movies2_movies2_001184_2efc0de38872,224
wholeframe_rgb_t50_224/samples/movies2_movies2_000769_8d060113e9cf.pt,50,uint8,5.32,43,224,0,non_violence,movies2_000769.mp4,wholeframe,forbidden,8.0,4cdd1889e926c367efca613b35e1ade7854e264deed613e6f349b89229a81286,movies2,data\merged\videos\non_violence\movies2_000769.mp4,test,movies2_movies2_000769_8d060113e9cf,224
wholeframe_rgb_t50_224/samples/movies2_movies2_001144_2c69b109f365.pt,50,uint8,5.0,40,224,0,non_violence,movies2_001144.mp4,wholeframe,forbidden,8.0,50c0dfc1fbd6823c2b3c2bf605ef5e34b841adc8d7258daa8140789c273e5442,movies2,data\merged\videos\non_violence\movies2_001144.mp4,test,movies2_movies2_001144_2c69b109f365,224
wholeframe_rgb_t50_224/samples/movies2_movies2_001249_768031324907.pt,50,uint8,5.0,40,224,0,non_violence,movies2_001249.mp4,wholeframe,forbidden,8.0,fd81089298c0c2390c66eb7b23a3753991e1f33878e6a8efd03c8e5a70494b38,movies2,data\merged\videos\non_violence\movies2_001249.mp4,test,movies2_movies2_001249_768031324907,224
wholeframe_rgb_t50_224/samples/movies2_movies2_000861_b50acf718fb9.pt,50,uint8,5.0,40,224,0,non_violence,movies2_000861.mp4,wholeframe,forbidden,8.0,93ddf0f2ac8dbdab8bdb26cba1373af02748b517f8178b9fdb768c398f608526,movies2,data\merged\videos\non_violence\movies2_000861.mp4,test,movies2_movies2_000861_b50acf718fb9,224
wholeframe_rgb_t50_224/samples/movies2_movies2_000570_703180d1d735.pt,50,uint8,5.0,40,224,0,non_violence,movies2_000570.mp4,wholeframe,forbidden,8.0,ac186e6700165ca7725039dc0416451c7dd0a929a0c73f0834d38d14314721eb,movies2,data\merged\videos\non_violence\movies2_000570.mp4,test,movies2_movies2_000570_703180d1d735,224
wholeframe_rgb_t50_224/samples/movies2_movies2_001072_70e1c107a76c.pt,50,uint8,5.0,40,224,0,non_violence,movies2_001072.mp4,wholeframe,forbidden,8.0,5a9847eddb1b287435ca9f9c2db40d5c765934ade705e44ef5fa11fc432ec984,movies2,data\merged\videos\non_violence\movies2_001072.mp4,test,movies2_movies2_001072_70e1c107a76c,224
wholeframe_rgb_t50_224/samples/hockey_hockey_000092_6829e81df421.pt,50,uint8,1.64,13,224,0,non_violence,hockey_000092.avi,wholeframe,forbidden,8.0,3b69063f213687d721e5ec4040f361048872cbdd48f4c942182d9e7155b060ae,hockey,data\merged\videos\non_violence\hockey_000092.avi,test,hockey_hockey_000092_6829e81df421,224
wholeframe_rgb_t50_224/samples/movies2_movies2_000914_015989c6e8de.pt,50,uint8,5.0,40,224,0,non_violence,movies2_000914.mp4,wholeframe,forbidden,8.0,5c99eaf79c1c961bef35ea026c5b1c1726707f496694d1069f2ad1db41f667b0,movies2,data\merged\videos\non_violence\movies2_000914.mp4,test,movies2_movies2_000914_015989c6e8de,224
wholeframe_rgb_t50_224/samples/hockey_hockey_000477_385ab59b55bb.pt,50,uint8,1.64,13,224,0,non_violence,hockey_000477.avi,wholeframe,forbidden,8.0,a298b10a2824588591fa81f82f0759de4615dc1e67150a6002d45ab55c6b1094,hockey,data\merged\videos\non_violence\hockey_000477.avi,test,hockey_hockey_000477_385ab59b55bb,224
wholeframe_rgb_t50_224/samples/surv_fight_surv_fight_001751_9bfa7ce1e919.pt,50,uint8,2.833333,23,224,0,non_violence,surv_fight_001751.mp4,wholeframe,forbidden,8.0,426eb644d5e4a4cab6cdee40e1ccd88d5d5ed513145a569cf9e0ab7f4bf914b8,surv_fight,data\merged\videos\non_violence\surv_fight_001751.mp4,test,surv_fight_surv_fight_001751_9bfa7ce1e919,224
wholeframe_rgb_t50_224/samples/movies2_movies2_001372_3f8e1db781bf.pt,50,uint8,5.0,40,224,0,non_violence,movies2_001372.mp4,wholeframe,forbidden,8.0,92f0d455b5bac43fbba006032adb59608f9daa3af41ece3cf2b08cef1e90f9aa,movies2,data\merged\videos\non_violence\movies2_001372.mp4,test,movies2_movies2_001372_3f8e1db781bf,224
wholeframe_rgb_t50_224/samples/movies2_movies2_001018_e838d1618d9e.pt,50,uint8,5.0,40,224,0,non_violence,movies2_001018.mp4,wholeframe,forbidden,8.0,2ee1ee5939ea41e20a3e59aadb0ac4d1152ee2a1033d0c59aec3b3b3240fd649,movies2,data\merged\videos\non_violence\movies2_001018.mp4,test,movies2_movies2_001018_e838d1618d9e,224
wholeframe_rgb_t50_224/samples/movies2_movies2_001427_11a5c12f0645.pt,50,uint8,5.0,40,224,0,non_violence,movies2_001427.mp4,wholeframe,forbidden,8.0,407f3d30e1489d314a758c8f89d34df1c08b41d2a301e5dd333ce3c0d0e5b112,movies2,data\merged\videos\non_violence\movies2_001427.mp4,test,movies2_movies2_001427_11a5c12f0645,224
wholeframe_rgb_t50_224/samples/movies2_movies2_000648_893fb7910c40.pt,50,uint8,5.0,40,224,0,non_violence,movies2_000648.mp4,wholeframe,forbidden,8.0,fa3085166edaa6421c278911956c8deb3d3ecdb84ae7007c3472931f3ef520ae,movies2,data\merged\videos\non_violence\movies2_000648.mp4,test,movies2_movies2_000648_893fb7910c40,224
wholeframe_rgb_t50_224/samples/hockey_hockey_000144_d02ec0ec9a80.pt,50,uint8,1.64,13,224,0,non_violence,hockey_000144.avi,wholeframe,forbidden,8.0,b83b99d1fe63e166263f67b41a49ad4766b7ebf5221b9aa2ad2b620a933329c6,hockey,data\merged\videos\non_violence\hockey_000144.avi,test,hockey_hockey_000144_d02ec0ec9a80,224
wholeframe_rgb_t50_224/samples/movies2_movies2_001366_ba038b0dd0c7.pt,50,uint8,5.0,40,224,0,non_violence,movies2_001366.mp4,wholeframe,forbidden,8.0,edfb53fc3df48cd097b228d765971c096a28aa5dbe30fa9e041245a5922e0f75,movies2,data\merged\videos\non_violence\movies2_001366.mp4,test,movies2_movies2_001366_ba038b0dd0c7,224
wholeframe_rgb_t50_224/samples/movies2_movies2_000790_edeac7d4766d.pt,50,uint8,3.541271,28,224,0,non_violence,movies2_000790.mp4,wholeframe,forbidden,8.0,5d83a067bb026c6859c4c1446afef5de7886ca2f8d7a683f645133097b79753a,movies2,data\merged\videos\non_violence\movies2_000790.mp4,test,movies2_movies2_000790_edeac7d4766d,224
wholeframe_rgb_t50_224/samples/hockey_hockey_000393_78100299d67a.pt,50,uint8,1.64,13,224,0,non_violence,hockey_000393.avi,wholeframe,forbidden,8.0,7ea407bfa615b3325f9f4ffd371a2b2f99bec6fa45c358556fd6e566c04c5163,hockey,data\merged\videos\non_violence\hockey_000393.avi,test,hockey_hockey_000393_78100299d67a,224
wholeframe_rgb_t50_224/samples/movies2_movies2_000957_8f93959d7dd1.pt,50,uint8,5.0,40,224,0,non_violence,movies2_000957.mp4,wholeframe,forbidden,8.0,4eba58377268dd2b3e5a351885ef410b376630b3db7abcfb190c4c5e9523945e,movies2,data\merged\videos\non_violence\movies2_000957.mp4,test,movies2_movies2_000957_8f93959d7dd1,224
wholeframe_rgb_t50_224/samples/movies2_movies2_000688_8d0a4857fe23.pt,50,uint8,5.0,40,224,0,non_violence,movies2_000688.mp4,wholeframe,forbidden,8.0,7fbe75b5556ec324c7dfd9e1f4d5f41775610767dd46a9571150ce17d155e221,movies2,data\merged\videos\non_violence\movies2_000688.mp4,test,movies2_movies2_000688_8d0a4857fe23,224
wholeframe_rgb_t50_224/samples/hockey_hockey_000226_698aa95a808b.pt,50,uint8,1.64,13,224,0,non_violence,hockey_000226.avi,wholeframe,forbidden,8.0,2343e5bb39cab0b807878f9c0c4af1c57399aaec40bfeb1f5e50be816461ef65,hockey,data\merged\videos\non_violence\hockey_000226.avi,test,hockey_hockey_000226_698aa95a808b,224
wholeframe_rgb_t50_224/samples/movies2_movies2_001397_34a642110c33.pt,50,uint8,4.807529,38,224,0,non_violence,movies2_001397.mp4,wholeframe,forbidden,8.0,fde1f9235cd04b0c344495148f939e95b8bc5c44ddf697f82dcfd56c624d6034,movies2,data\merged\videos\non_violence\movies2_001397.mp4,test,movies2_movies2_001397_34a642110c33,224
wholeframe_rgb_t50_224/samples/hockey_hockey_000475_cb1343ee618b.pt,50,uint8,1.64,13,224,0,non_violence,hockey_000475.avi,wholeframe,forbidden,8.0,276e782cb744fff28b1016685e38bb3a7abb1a1f976e8750e8b00477995c797c,hockey,data\merged\videos\non_violence\hockey_000475.avi,test,hockey_hockey_000475_cb1343ee618b,224
wholeframe_rgb_t50_224/samples/hockey_hockey_000154_b4fb66dbc543.pt,50,uint8,1.64,13,224,0,non_violence,hockey_000154.avi,wholeframe,forbidden,8.0,6f1b25ee8c43f5334473b25edd4c97a545d92bae446d27c999f5188e86878170,hockey,data\merged\videos\non_violence\hockey_000154.avi,test,hockey_hockey_000154_b4fb66dbc543,224
wholeframe_rgb_t50_224/samples/movies2_movies2_001312_f7059e313942.pt,50,uint8,3.814082,30,224,0,non_violence,movies2_001312.mp4,wholeframe,forbidden,8.0,8c4426479f865d9ed48d363cd9ac9d2a76b9ad569bdf146991a2f8c57ca364a9,movies2,data\merged\videos\non_violence\movies2_001312.mp4,test,movies2_movies2_001312_f7059e313942,224
wholeframe_rgb_t50_224/samples/movies2_movies2_001159_521d413bd06b.pt,50,uint8,5.0,40,224,0,non_violence,movies2_001159.mp4,wholeframe,forbidden,8.0,c20f783dd00591678d02743963f4f68a072fab47917cd4b8d3954d33218975b5,movies2,data\merged\videos\non_violence\movies2_001159.mp4,test,movies2_movies2_001159_521d413bd06b,224
wholeframe_rgb_t50_224/samples/hockey_hockey_000005_9d978c44c2f3.pt,50,uint8,1.64,13,224,0,non_violence,hockey_000005.avi,wholeframe,forbidden,8.0,1cf2da733329064a47127178f68d5459b733d747ad79763f9682918c5a690eac,hockey,data\merged\videos\non_violence\hockey_000005.avi,test,hockey_hockey_000005_9d978c44c2f3,224
wholeframe_rgb_t50_224/samples/movies2_movies2_000877_918180b7132b.pt,50,uint8,5.0,40,224,0,non_violence,movies2_000877.mp4,wholeframe,forbidden,8.0,197078594485d71156d851bdb25ab73323337cacc811cb360c7178cea9db338b,movies2,data\merged\videos\non_violence\movies2_000877.mp4,test,movies2_movies2_000877_918180b7132b,224
wholeframe_rgb_t50_224/samples/movies2_movies2_001255_eca5846aa224.pt,50,uint8,5.0,40,224,0,non_violence,movies2_001255.mp4,wholeframe,forbidden,8.0,63e5b33e7ac43fcca41b82533e2f7fe739cd5b119a50176bc3a5320c014a90b8,movies2,data\merged\videos\non_violence\movies2_001255.mp4,test,movies2_movies2_001255_eca5846aa224,224
wholeframe_rgb_t50_224/samples/surv_fight_surv_fight_001891_c9911d24b2a9.pt,50,uint8,2.008911,16,224,0,non_violence,surv_fight_001891.mp4,wholeframe,forbidden,8.0,0c33bc06b2447ab3401a3fc5991e51d4eb35bf3f73594ec2ee31adcfea4144bd,surv_fight,data\merged\videos\non_violence\surv_fight_001891.mp4,test,surv_fight_surv_fight_001891_c9911d24b2a9,224
wholeframe_rgb_t50_224/samples/movies2_movies2_001155_bed357c43b6e.pt,50,uint8,5.0,40,224,0,non_violence,movies2_001155.mp4,wholeframe,forbidden,8.0,b8d1d0f34521e8d40c0aab029654aeb96e75b99de0375b134d47f339ec32bf81,movies2,data\merged\videos\non_violence\movies2_001155.mp4,test,movies2_movies2_001155_bed357c43b6e,224
wholeframe_rgb_t50_224/samples/rwf2000_rwf2000_001661_bc5f7fe1e72c.pt,50,uint8,5.466667,44,224,0,non_violence,rwf2000_001661.mp4,wholeframe,forbidden,8.0,030786c1a2726ec3fb4af4e3f66bf1316836ce176ba422bcb7de63bccbd77e20,rwf2000,data\merged\videos\non_violence\rwf2000_001661.mp4,test,rwf2000_rwf2000_001661_bc5f7fe1e72c,224
wholeframe_rgb_t50_224/samples/hockey_hockey_000190_71e812351a2b.pt,50,uint8,1.64,13,224,0,non_violence,hockey_000190.avi,wholeframe,forbidden,8.0,62ed2a2a9a2d9ac2ff1e46f8c9375dead8aa3562977a79f3115391be8a9d3243,hockey,data\merged\videos\non_violence\hockey_000190.avi,test,hockey_hockey_000190_71e812351a2b,224
