video_id,semantic_group_id,source_dataset,true_label,classifier_invoked,router_status,frozen_m3_score,bypass_pred,route_on_pred,bypass_correct,route_on_correct
hockey_hockey_000010_aee37e273b18,pcg_1e00dcfb2170c7fc,hockey,0,1,success_full_clip_on_gate,0.0125732421875,0,0,1,1
hockey_hockey_000014_bff991765c29,pcg_6dc7f25685a6d7df,hockey,1,1,success_full_clip_on_gate,0.970703125,1,1,1,1
hockey_hockey_000018_049f50eb2c8f,pcg_908ac7ffdfd43a31,hockey,0,1,success_full_clip_on_gate,0.031707763671875,0,0,1,1
hockey_hockey_000021_9aaf3b4e921a,pcg_f1819a820c6a4170,hockey,1,1,success_full_clip_on_gate,0.97802734375,1,1,1,1
hockey_hockey_000030_c339adac190d,pcg_8d0336a4d3040c05,hockey,1,1,success_full_clip_on_gate,0.974609375,1,1,1,1
hockey_hockey_000031_d06b162ff187,pcg_9a47660b061aa12d,hockey,1,1,success_full_clip_on_gate,0.9736328125,1,1,1,1
hockey_hockey_000032_512fa6a7be98,pcg_6c97ada726a66997,hockey,1,1,success_full_clip_on_gate,0.974609375,1,1,1,1
hockey_hockey_000041_7b9ff070e52e,pcg_14cdb51193c8f858,hockey,0,1,success_full_clip_on_gate,0.020294189453125,0,0,1,1
hockey_hockey_000043_0f852a214abe,pcg_4e0e2d1bcfdd9cba,hockey,1,1,success_full_clip_on_gate,0.97412109375,1,1,1,1
hockey_hockey_000045_070c19ae3401,pcg_70d3d85ae3588d93,hockey,0,1,success_full_clip_on_gate,0.022613525390625,0,0,1,1
hockey_hockey_000047_e5697219ce67,pcg_68f763b505942f42,hockey,0,0,skipped_normal,0.031280517578125,0,0,1,1
hockey_hockey_000049_c7213d6f6f90,pcg_1b5895003eb34cd4,hockey,1,1,success_full_clip_on_gate,0.9716796875,1,1,1,1
hockey_hockey_000053_30b387318db2,pcg_16d0d66a4c4ff8ba,hockey,1,1,success_full_clip_on_gate,0.9638671875,1,1,1,1
hockey_hockey_000055_faf08156a615,pcg_e525bd079e81d815,hockey,1,1,success_full_clip_on_gate,0.024444580078125,0,0,0,0
hockey_hockey_000058_d0235f69f681,pcg_7e66aa4ae71edc54,hockey,0,1,success_full_clip_on_gate,0.0173187255859375,0,0,1,1
hockey_hockey_000059_5b07257a5e2c,pcg_c8ec9aba1dfa1feb,hockey,1,1,success_full_clip_on_gate,0.97802734375,1,1,1,1
hockey_hockey_000062_684152f981dd,pcg_b6cf04385aef1d3c,hockey,0,1,success_full_clip_on_gate,0.0216522216796875,0,0,1,1
hockey_hockey_000070_8f1ae083b95a,pcg_d6f98cacabaeecb5,hockey,1,1,success_full_clip_on_gate,0.97607421875,1,1,1,1
hockey_hockey_000072_50b6ceb3c9f5,pcg_31017988f5972076,hockey,0,1,success_full_clip_on_gate,0.038360595703125,0,0,1,1
hockey_hockey_000073_67b1266e44eb,pcg_efc4151ebabab78d,hockey,1,1,success_full_clip_on_gate,0.96630859375,1,1,1,1
hockey_hockey_000080_d0aea51b7f81,pcg_6a6428d801389360,hockey,0,1,success_full_clip_on_gate,0.029815673828125,0,0,1,1
hockey_hockey_000082_35c47b6820d0,pcg_ca6c9ee74db46f64,hockey,0,1,success_full_clip_on_gate,0.025543212890625,0,0,1,1
hockey_hockey_000082_48eedddda389,pcg_212e5119522b57f8,hockey,1,1,success_full_clip_on_gate,0.97021484375,1,1,1,1
hockey_hockey_000085_ac9ef8480af1,pcg_0cfaf9409a4ead72,hockey,0,1,success,0.0202484130859375,0,0,1,1
hockey_hockey_000086_78bc20b23563,pcg_05dad2778b1808e2,hockey,0,1,success_full_clip_on_gate,0.0171051025390625,0,0,1,1
hockey_hockey_000100_43f54929d077,pcg_07851d6a5f8ac90b,hockey,0,1,success_full_clip_on_gate,0.0222015380859375,0,0,1,1
hockey_hockey_000104_eb37aad0cb10,pcg_7bdc2a46029475a8,hockey,1,1,success_full_clip_on_gate,0.0145721435546875,0,0,0,0
hockey_hockey_000107_23b306f352e1,pcg_0cfaf9409a4ead72,hockey,0,1,success_full_clip_on_gate,0.026336669921875,0,0,1,1
hockey_hockey_000115_3e60a8e9abe3,pcg_bc414c0dbb381b0d,hockey,0,1,success_full_clip_on_gate,0.0205078125,0,0,1,1
hockey_hockey_000116_f2113ced50ba,pcg_9c5f70e758e3de07,hockey,1,1,success_full_clip_on_gate,0.97021484375,1,1,1,1
hockey_hockey_000117_3eabe29e124f,pcg_d57af5f88289b4c9,hockey,0,1,success_full_clip_on_gate,0.0201416015625,0,0,1,1
hockey_hockey_000118_1246434d5b91,pcg_e9a01eac37654c05,hockey,0,0,skipped_normal,0.0177154541015625,0,0,1,1
hockey_hockey_000123_1b7a8545f725,pcg_0cfaf9409a4ead72,hockey,0,1,success_full_clip_on_gate,0.0157470703125,0,0,1,1
hockey_hockey_000125_67eb3e3dd723,pcg_66a70eee30e7022b,hockey,1,1,success_full_clip_on_gate,0.97509765625,1,1,1,1
hockey_hockey_000126_0154ce0653e5,pcg_2d7a5fb5f37b1513,hockey,0,1,success,0.019439697265625,0,0,1,1
hockey_hockey_000128_f7f94fa23439,pcg_70728f2e8a2e36e1,hockey,1,0,skipped_normal,0.9775390625,1,0,1,0
hockey_hockey_000134_0fa686bb4f46,pcg_0cfaf9409a4ead72,hockey,0,1,success_full_clip_on_gate,0.017547607421875,0,0,1,1
hockey_hockey_000136_a1fdbb3d3fd5,pcg_387618fa40d12313,hockey,0,1,success_full_clip_on_gate,0.024658203125,0,0,1,1
hockey_hockey_000140_042b8cc15ac3,pcg_2f27c1dce309e65f,hockey,1,1,success_full_clip_on_gate,0.97607421875,1,1,1,1
hockey_hockey_000153_c596493b93dc,pcg_ede6f176e3e91929,hockey,0,1,success_full_clip_on_gate,0.288330078125,0,0,1,1
hockey_hockey_000157_8b914799c921,pcg_726055b44e8245f5,hockey,0,1,success_full_clip_on_gate,0.0205841064453125,0,0,1,1
hockey_hockey_000159_36dc5524def5,pcg_1dcfeec058489259,hockey,1,1,success_full_clip_on_gate,0.9697265625,1,1,1,1
hockey_hockey_000160_e03dbedd8ee7,pcg_08b3eabf4d1b3ea4,hockey,1,1,success_full_clip_on_gate,0.9716796875,1,1,1,1
hockey_hockey_000163_614475786c49,pcg_559f6ed87ac8eb85,hockey,1,1,success_full_clip_on_gate,0.97216796875,1,1,1,1
hockey_hockey_000163_be460265e500,pcg_733f11c91c3f47de,hockey,0,1,success_full_clip_on_gate,0.0161590576171875,0,0,1,1
hockey_hockey_000166_02147fb527e0,pcg_212e5119522b57f8,hockey,1,1,success_full_clip_on_gate,0.970703125,1,1,1,1
hockey_hockey_000167_94fd0b4de934,pcg_1242647a8c174828,hockey,0,1,success_full_clip_on_gate,0.021148681640625,0,0,1,1
hockey_hockey_000171_0aa5b188506a,pcg_6d946b438471efa7,hockey,1,1,success_full_clip_on_gate,0.96630859375,1,1,1,1
hockey_hockey_000174_dc0cd7df8520,pcg_0a85badb7da200fb,hockey,1,1,success_full_clip_on_gate,0.97119140625,1,1,1,1
hockey_hockey_000198_bc98cf3bc991,pcg_d717e14a12e239ea,hockey,1,1,success_full_clip_on_gate,0.9755859375,1,1,1,1
hockey_hockey_000199_a66041a315e8,pcg_05dad2778b1808e2,hockey,0,1,success_full_clip_on_gate,0.018310546875,0,0,1,1
hockey_hockey_000212_2e08194b3bc3,pcg_96f9e0311c37e7d4,hockey,0,1,success_full_clip_on_gate,0.0279083251953125,0,0,1,1
hockey_hockey_000212_975b0b83e63d,pcg_b6ca4809a20c3b6a,hockey,1,1,success_full_clip_on_gate,0.97314453125,1,1,1,1
hockey_hockey_000213_48d2d955ffc5,pcg_f5ec0603052a8356,hockey,1,0,skipped_normal,0.9736328125,1,0,1,0
hockey_hockey_000221_b998725cfb76,pcg_62cd4e0d89630cbf,hockey,1,1,success_full_clip_on_gate,0.97021484375,1,1,1,1
hockey_hockey_000223_71c3f3b6502f,pcg_ec4948b8edc7a082,hockey,0,1,success_full_clip_on_gate,0.0213623046875,0,0,1,1
hockey_hockey_000232_e9f122bd3a45,pcg_af4fb3244d839ce0,hockey,0,1,success_full_clip_on_gate,0.03179931640625,0,0,1,1
hockey_hockey_000233_55836e832794,pcg_2c55b99ea72e21e9,hockey,1,1,success_full_clip_on_gate,0.9736328125,1,1,1,1
hockey_hockey_000234_c052e9e24487,pcg_db3e01232a942fc6,hockey,0,1,success_full_clip_on_gate,0.024139404296875,0,0,1,1
hockey_hockey_000239_ef9ae1e1c528,pcg_11914148806d4419,hockey,0,1,success_full_clip_on_gate,0.0264739990234375,0,0,1,1
hockey_hockey_000244_6f928e847aae,pcg_c507a9bfc38cc072,hockey,0,1,success_full_clip_on_gate,0.0159759521484375,0,0,1,1
hockey_hockey_000244_a59594b357e8,pcg_42fa4a010bfa6c16,hockey,1,1,success_full_clip_on_gate,0.96728515625,1,1,1,1
hockey_hockey_000246_5f8985fcb0a9,pcg_095f5ef1cb17094e,hockey,1,1,success,0.96435546875,1,1,1,1
hockey_hockey_000249_3a98b4181961,pcg_61b0387ccf87bfdb,hockey,1,1,success_full_clip_on_gate,0.95947265625,1,1,1,1
hockey_hockey_000252_6eecc36bf452,pcg_7875c08b1f52b5c0,hockey,0,1,success_full_clip_on_gate,0.0220947265625,0,0,1,1
hockey_hockey_000264_a08a0fc91867,pcg_41b2083e798706ed,hockey,1,1,success_full_clip_on_gate,0.96923828125,1,1,1,1
hockey_hockey_000268_cd6dd83b315e,pcg_edc7cb348769d1f4,hockey,1,1,success_full_clip_on_gate,0.97509765625,1,1,1,1
hockey_hockey_000269_98e738e381f1,pcg_b18165cd44b1ece1,hockey,1,1,success_full_clip_on_gate,0.97265625,1,1,1,1
hockey_hockey_000272_09f5ce1b8392,pcg_67b53bd360c1cdc7,hockey,1,1,success_full_clip_on_gate,0.96728515625,1,1,1,1
hockey_hockey_000274_f66de055a94e,pcg_a9bd68a7547c344f,hockey,1,1,success_full_clip_on_gate,0.9658203125,1,1,1,1
hockey_hockey_000275_a70bbe18b1af,pcg_bbf16e7bd691ba9d,hockey,0,1,success_full_clip_on_gate,0.024627685546875,0,0,1,1
hockey_hockey_000279_795974bfef9e,pcg_4e1d4c82c6e9133d,hockey,1,1,success_full_clip_on_gate,0.96728515625,1,1,1,1
hockey_hockey_000281_14ca3c863ff7,pcg_8ab880910d4cddd5,hockey,1,1,success_full_clip_on_gate,0.96875,1,1,1,1
hockey_hockey_000288_1ab1d078550f,pcg_96a8fc72b3d47506,hockey,1,1,success_full_clip_on_gate,0.9736328125,1,1,1,1
hockey_hockey_000290_83ea5d2bd6ae,pcg_f04e4d6c0857f663,hockey,1,1,success_full_clip_on_gate,0.96728515625,1,1,1,1
hockey_hockey_000290_845fe501a2c0,pcg_6636dd3114debec6,hockey,0,1,success_full_clip_on_gate,0.0214691162109375,0,0,1,1
hockey_hockey_000293_995f71e14330,pcg_d0a39806073588a3,hockey,1,1,success_full_clip_on_gate,0.093505859375,0,0,0,0
hockey_hockey_000297_2e55e347c29d,pcg_b566bdcda0b64e85,hockey,0,1,success_full_clip_on_gate,0.023468017578125,0,0,1,1
hockey_hockey_000297_5e4c2dde6a8b,pcg_c330724a2350d237,hockey,1,1,success_full_clip_on_gate,0.974609375,1,1,1,1
hockey_hockey_000299_ce1aa5de423a,pcg_05dad2778b1808e2,hockey,0,1,success_full_clip_on_gate,0.02447509765625,0,0,1,1
hockey_hockey_000301_3f5fd81178a6,pcg_2977322c2e53afe2,hockey,0,1,success_full_clip_on_gate,0.0168304443359375,0,0,1,1
hockey_hockey_000302_c4224d7b6c33,pcg_6d036aa348375d24,hockey,1,1,success_full_clip_on_gate,0.97607421875,1,1,1,1
hockey_hockey_000304_cbc057187a3e,pcg_b8c7c8f09216eb26,hockey,0,1,success_full_clip_on_gate,0.01551055908203125,0,0,1,1
hockey_hockey_000306_e5803c7ae85b,pcg_3124a20763b695dd,hockey,0,1,success_full_clip_on_gate,0.024993896484375,0,0,1,1
hockey_hockey_000308_d6b2cefc8cf7,pcg_d64033671717e440,hockey,0,1,success_full_clip_on_gate,0.01410675048828125,0,0,1,1
hockey_hockey_000314_c6952402cd0b,pcg_259c9285de471a97,hockey,1,1,success_full_clip_on_gate,0.97998046875,1,1,1,1
hockey_hockey_000316_294eef89fc99,pcg_3ba7d21b241deb3c,hockey,1,1,success_full_clip_on_gate,0.97021484375,1,1,1,1
hockey_hockey_000316_9af43e9b517d,pcg_af3caa480791f3ff,hockey,0,1,success,0.0126953125,0,0,1,1
hockey_hockey_000318_c55c464a61ec,pcg_164d5ca66227fc5a,hockey,0,1,success_full_clip_on_gate,0.01519012451171875,0,0,1,1
hockey_hockey_000319_9749ff98f021,pcg_a0faa4882c336a74,hockey,0,1,success_full_clip_on_gate,0.0231781005859375,0,0,1,1
hockey_hockey_000322_133415cf38ab,pcg_17e86469e9a2bee9,hockey,0,1,success_full_clip_on_gate,0.0267333984375,0,0,1,1
hockey_hockey_000325_311b2cb5ae95,pcg_bb15f2d622f45a17,hockey,1,1,success_full_clip_on_gate,0.9736328125,1,1,1,1
hockey_hockey_000325_d8e0955031d7,pcg_c47852c8ad43850d,hockey,0,1,success_full_clip_on_gate,0.0222930908203125,0,0,1,1
hockey_hockey_000327_f4945b5fa851,pcg_dd47bcab4f79551b,hockey,1,1,success_full_clip_on_gate,0.97412109375,1,1,1,1
hockey_hockey_000333_a9e03940bff7,pcg_dca38b82f9498ca9,hockey,1,1,success_full_clip_on_gate,0.9765625,1,1,1,1
hockey_hockey_000334_681db43efed4,pcg_dab92f17f1cee32b,hockey,0,1,success_full_clip_on_gate,0.94921875,1,1,0,0
hockey_hockey_000335_c22832551fb3,pcg_fec25c7439d9fc9a,hockey,0,1,success_full_clip_on_gate,0.017120361328125,0,0,1,1
hockey_hockey_000336_fc193d93c703,pcg_fec25c7439d9fc9a,hockey,0,1,success_full_clip_on_gate,0.017120361328125,0,0,1,1
hockey_hockey_000345_0ce1754593f0,pcg_bf9a77a990bd9536,hockey,0,1,success_full_clip_on_gate,0.01483154296875,0,0,1,1
hockey_hockey_000352_10d839909e64,pcg_872419d3b2719fea,hockey,1,1,success_full_clip_on_gate,0.9736328125,1,1,1,1
hockey_hockey_000355_bb556b1ae1e8,pcg_640aef5d2d340ae9,hockey,0,1,success_full_clip_on_gate,0.021575927734375,0,0,1,1
hockey_hockey_000357_d6b956f1d558,pcg_872419d3b2719fea,hockey,1,1,success_full_clip_on_gate,0.9716796875,1,1,1,1
hockey_hockey_000370_48a185eeebea,pcg_0367b0570c36baf3,hockey,1,1,success_full_clip_on_gate,0.9716796875,1,1,1,1
hockey_hockey_000371_b0d18bd01c14,pcg_d00e6d59536cca2f,hockey,1,1,success_full_clip_on_gate,0.955078125,1,1,1,1
hockey_hockey_000373_0fbfc3081e75,pcg_aff5f259da683bc9,hockey,0,1,success_full_clip_on_gate,0.02276611328125,0,0,1,1
hockey_hockey_000375_68ec3db576ed,pcg_387584858ed1f2dd,hockey,1,1,success_full_clip_on_gate,0.97802734375,1,1,1,1
hockey_hockey_000377_a813abcd75e3,pcg_9ed68ead2b6b2ccb,hockey,0,1,success,0.018218994140625,0,0,1,1
hockey_hockey_000379_fa93ec92f407,pcg_9e3b66a3ef4fceec,hockey,1,1,success_full_clip_on_gate,0.97119140625,1,1,1,1
hockey_hockey_000382_568d5383cc47,pcg_14b8a1a642acb236,hockey,1,1,success_full_clip_on_gate,0.97314453125,1,1,1,1
hockey_hockey_000391_0d164db62b4d,pcg_bc414c0dbb381b0d,hockey,0,1,success_full_clip_on_gate,0.0236663818359375,0,0,1,1
hockey_hockey_000399_98eeb87361d4,pcg_881acdd2536f9556,hockey,1,1,success_full_clip_on_gate,0.9716796875,1,1,1,1
hockey_hockey_000401_0904c5a501fa,pcg_2c55b99ea72e21e9,hockey,1,1,success,0.96630859375,1,1,1,1
hockey_hockey_000403_5a479f176a7a,pcg_7899025622e8e0fb,hockey,1,1,success_full_clip_on_gate,0.97314453125,1,1,1,1
hockey_hockey_000410_1226d60f59f2,pcg_cd90966219392e14,hockey,1,1,success_full_clip_on_gate,0.97021484375,1,1,1,1
hockey_hockey_000412_a68f6170474f,pcg_1f287806c612c3a7,hockey,1,1,success_full_clip_on_gate,0.9775390625,1,1,1,1
hockey_hockey_000413_08af7c762c8a,pcg_1329f58f33afbd1f,hockey,0,1,success_full_clip_on_gate,0.037811279296875,0,0,1,1
hockey_hockey_000418_d7cea9746fe6,pcg_c1d6a9704299278d,hockey,1,1,success_full_clip_on_gate,0.95947265625,1,1,1,1
hockey_hockey_000419_33e12d77c4e2,pcg_a5a087cf009bd410,hockey,1,1,success_full_clip_on_gate,0.96533203125,1,1,1,1
hockey_hockey_000435_753272df4f85,pcg_03b17975bccecdc0,hockey,1,1,success_full_clip_on_gate,0.97607421875,1,1,1,1
hockey_hockey_000440_94dbb469b8a3,pcg_d0653b88a6250b4a,hockey,1,1,success_full_clip_on_gate,0.97314453125,1,1,1,1
hockey_hockey_000442_e491114238ff,pcg_374cf1b0e4cfbaf6,hockey,1,1,success_full_clip_on_gate,0.974609375,1,1,1,1
hockey_hockey_000448_0140e77facd7,pcg_36c20cb98816036c,hockey,0,1,success_full_clip_on_gate,0.020721435546875,0,0,1,1
hockey_hockey_000448_127c0b4907d6,pcg_2f232d397c92df01,hockey,1,1,success_full_clip_on_gate,0.970703125,1,1,1,1
hockey_hockey_000454_0586af9cf665,pcg_8b86f0ceabc01e37,hockey,1,1,success_full_clip_on_gate,0.9765625,1,1,1,1
hockey_hockey_000455_443e861f743a,pcg_c464bc31199b8ba4,hockey,1,1,success_full_clip_on_gate,0.97021484375,1,1,1,1
hockey_hockey_000455_a550675747fb,pcg_525360ce3191776d,hockey,0,1,success_full_clip_on_gate,0.0217437744140625,0,0,1,1
hockey_hockey_000464_a6ac0a7d2c70,pcg_99d0dfa018facadb,hockey,0,1,success_full_clip_on_gate,0.030853271484375,0,0,1,1
hockey_hockey_000467_d5e988ef1728,pcg_969bbe51bfc11cea,hockey,0,1,success_full_clip_on_gate,0.0301055908203125,0,0,1,1
hockey_hockey_000469_d3306d7cb2ce,pcg_7b09d1e570a82bb6,hockey,0,1,success_full_clip_on_gate,0.02117919921875,0,0,1,1
hockey_hockey_000471_1bbcd02feb94,pcg_268123b4dc76a8ec,hockey,1,1,success_full_clip_on_gate,0.97119140625,1,1,1,1
hockey_hockey_000475_cb1343ee618b,pcg_873aa8ee82cb2cff,hockey,0,1,success_full_clip_on_gate,0.0254669189453125,0,0,1,1
hockey_hockey_000484_96c94feaa0bc,pcg_b6d07941148cf5d9,hockey,1,1,success_full_clip_on_gate,0.97314453125,1,1,1,1
hockey_hockey_000494_4b1fecb0d3db,pcg_b54b3b1b9ab291bc,hockey,0,1,success_full_clip_on_gate,0.03424072265625,0,0,1,1
hockey_hockey_000494_7357875ad99f,pcg_143f3fe003a0951e,hockey,1,1,success_full_clip_on_gate,0.97021484375,1,1,1,1
hockey_hockey_000498_e76dd73b85ae,pcg_30076acf3cee78d9,hockey,0,1,success_full_clip_on_gate,0.0209808349609375,0,0,1,1
hockey_hockey_000499_1c1f96e9ea0a,pcg_0ceeb93ce1c99fd2,hockey,1,1,success_full_clip_on_gate,0.96826171875,1,1,1,1
movies2_movies2_000502_c724017f3393,pcg_8df56a9317de6707,movies2,0,1,success_full_clip_on_gate,0.01386260986328125,0,0,1,1
movies2_movies2_000507_92f910c22411,pcg_7789a0061e261741,movies2,0,1,success_full_clip_on_gate,0.0137939453125,0,0,1,1
movies2_movies2_000510_bce2c57b6680,pcg_cc3e3a9cfd1504a6,movies2,1,1,success_full_clip_on_gate,0.96923828125,1,1,1,1
movies2_movies2_000513_ac3eafdd1b87,pcg_1e8a862e4138de1c,movies2,0,1,success_full_clip_on_gate,0.032379150390625,0,0,1,1
movies2_movies2_000514_82171f40af4f,pcg_257b765c2a098956,movies2,1,1,success_full_clip_on_gate,0.9697265625,1,1,1,1
movies2_movies2_000523_3470aa848a33,pcg_1cf90214a115fab1,movies2,1,1,success_full_clip_on_gate,0.97265625,1,1,1,1
movies2_movies2_000524_7ee7666bdbb5,pcg_b88d0b350a01a636,movies2,0,1,success_full_clip_on_gate,0.1610107421875,0,0,1,1
movies2_movies2_000526_22b48889ee40,pcg_b154ab918534c3d1,movies2,0,1,success_full_clip_on_gate,0.0201263427734375,0,0,1,1
movies2_movies2_000526_2854d7973258,pcg_f2687a330635fe14,movies2,1,1,success_full_clip_on_gate,0.97021484375,1,1,1,1
movies2_movies2_000528_e970095bb42a,pcg_7cd815aaa3efb678,movies2,0,1,success_full_clip_on_gate,0.016571044921875,0,0,1,1
movies2_movies2_000530_82ceda7fe554,pcg_45db6047bae92c6f,movies2,0,1,success_full_clip_on_gate,0.0204925537109375,0,0,1,1
movies2_movies2_000535_7da0c22f83af,pcg_12a66cc9ac66be70,movies2,0,1,success_full_clip_on_gate,0.0202178955078125,0,0,1,1
movies2_movies2_000535_e109fc6682fc,pcg_dcd09f7203d74f1c,movies2,1,1,success_full_clip_on_gate,0.96533203125,1,1,1,1
movies2_movies2_000542_2ef7568fc151,pcg_75131fa5f02a7774,movies2,1,1,success_full_clip_on_gate,0.970703125,1,1,1,1
movies2_movies2_000542_a4aa73cfcfe3,pcg_dce6f88c03d65753,movies2,0,1,success_full_clip_on_gate,0.023345947265625,0,0,1,1
movies2_movies2_000543_3f95701068c7,pcg_6bf8a9417d194f6d,movies2,0,0,skipped_normal,0.0217132568359375,0,0,1,1
movies2_movies2_000544_fee7cd438878,pcg_c0d5970b7c5f4448,movies2,0,1,success_full_clip_on_gate,0.1519775390625,0,0,1,1
movies2_movies2_000547_49ba4b244b93,pcg_778f9bdd2a9f86a1,movies2,0,1,success_full_clip_on_gate,0.01432037353515625,0,0,1,1
movies2_movies2_000551_5dfb31653a3f,pcg_d03312f6c16953c3,movies2,0,1,success_full_clip_on_gate,0.031402587890625,0,0,1,1
movies2_movies2_000554_5cef1bc6a3ee,pcg_6bf8a9417d194f6d,movies2,0,0,skipped_normal,0.0231781005859375,0,0,1,1
movies2_movies2_000558_60040412eb20,pcg_076ea0320d041caa,movies2,0,0,skipped_normal,0.0275115966796875,0,0,1,1
movies2_movies2_000565_5694b92332d4,pcg_809b957d73ff42cd,movies2,1,1,success_full_clip_on_gate,0.97216796875,1,1,1,1
movies2_movies2_000566_a3c301fc6452,pcg_242e2fd3e5b8caa8,movies2,1,1,success_full_clip_on_gate,0.97021484375,1,1,1,1
movies2_movies2_000567_94fe12ff2044,pcg_5420b681f273e16e,movies2,0,1,success_full_clip_on_gate,0.0207672119140625,0,0,1,1
movies2_movies2_000568_14174136a852,pcg_2e5fb5c9803c981e,movies2,0,1,success_full_clip_on_gate,0.018218994140625,0,0,1,1
movies2_movies2_000570_040b21766a04,pcg_8971ec8ce9f26b61,movies2,1,1,success_full_clip_on_gate,0.97119140625,1,1,1,1
movies2_movies2_000574_8c88857292a3,pcg_358749e19dcabf79,movies2,0,1,success_full_clip_on_gate,0.0230712890625,0,0,1,1
movies2_movies2_000576_37f97f11110a,pcg_7d22457b2cc08ed7,movies2,0,1,success_full_clip_on_gate,0.0265045166015625,0,0,1,1
movies2_movies2_000578_9c7a4da75a1e,pcg_fd39cb0fc2e7f328,movies2,1,1,success_full_clip_on_gate,0.970703125,1,1,1,1
movies2_movies2_000581_dc6139b22659,pcg_52a71c68f1ce7331,movies2,0,1,success_full_clip_on_gate,0.0277099609375,0,0,1,1
movies2_movies2_000583_4e5c6bf2d09e,pcg_900a30e212137100,movies2,1,1,success,0.9775390625,1,1,1,1
movies2_movies2_000586_ea6946f027e5,pcg_e1780399e26d3fee,movies2,1,1,success_full_clip_on_gate,0.9716796875,1,1,1,1
movies2_movies2_000590_72a474007ad9,pcg_aeeab4f0e91c5b87,movies2,0,1,success_full_clip_on_gate,0.02001953125,0,0,1,1
movies2_movies2_000590_a06bcf0aebd8,pcg_464150d6a61a635f,movies2,1,1,success_full_clip_on_gate,0.97509765625,1,1,1,1
movies2_movies2_000591_e7e4861b5ca5,pcg_25eada35f3159ffa,movies2,1,1,success_full_clip_on_gate,0.97314453125,1,1,1,1
movies2_movies2_000594_8d65324188be,pcg_1644591de6fe4e43,movies2,1,1,success_full_clip_on_gate,0.978515625,1,1,1,1
movies2_movies2_000596_e7a0a0ce999e,pcg_93ffdecac4e363b1,movies2,0,1,success_full_clip_on_gate,0.0196380615234375,0,0,1,1
movies2_movies2_000597_87931480b272,pcg_7789a0061e261741,movies2,0,1,success_full_clip_on_gate,0.0141754150390625,0,0,1,1
movies2_movies2_000598_42bd0844941b,pcg_cd06ca31e0d57757,movies2,1,1,success_full_clip_on_gate,0.97265625,1,1,1,1
movies2_movies2_000598_6694ded1dbef,pcg_4f91a6f97cf125d7,movies2,0,1,success_full_clip_on_gate,0.0238037109375,0,0,1,1
movies2_movies2_000600_2699a1757ac2,pcg_7789a0061e261741,movies2,0,1,success_full_clip_on_gate,0.0125732421875,0,0,1,1
movies2_movies2_000612_3a4c7a47417e,pcg_a64b51990d7d4c43,movies2,0,1,success_full_clip_on_gate,0.0274505615234375,0,0,1,1
movies2_movies2_000618_73850ec5a3a1,pcg_6e4465cd4bae2901,movies2,1,1,success_full_clip_on_gate,0.9716796875,1,1,1,1
movies2_movies2_000619_0aa9df62d95d,pcg_ca2722dcdb0885e6,movies2,1,1,success_full_clip_on_gate,0.978515625,1,1,1,1
movies2_movies2_000620_64f40b3c021c,pcg_c4172af1155ca94b,movies2,0,1,success_full_clip_on_gate,0.91943359375,1,1,0,0
movies2_movies2_000624_ca27329c2685,pcg_fad0cff30bba979c,movies2,0,1,success_full_clip_on_gate,0.024078369140625,0,0,1,1
movies2_movies2_000628_0af54e0582e3,pcg_bc2332aed6a19774,movies2,1,1,success,0.9775390625,1,1,1,1
movies2_movies2_000633_3caf2516136a,pcg_2cca2f330e0ca6de,movies2,1,1,success_full_clip_on_gate,0.96826171875,1,1,1,1
movies2_movies2_000634_8c4573ae01db,pcg_71e935f8a7b97ad1,movies2,0,1,success_full_clip_on_gate,0.0251617431640625,0,0,1,1
movies2_movies2_000644_f855b8d00926,pcg_dcc847e78381926e,movies2,0,1,success_full_clip_on_gate,0.01806640625,0,0,1,1
movies2_movies2_000648_893fb7910c40,pcg_c1896ac64582637e,movies2,0,1,success_full_clip_on_gate,0.0208282470703125,0,0,1,1
movies2_movies2_000650_4792e14df9ca,pcg_c1d9c67f6de11b5a,movies2,1,1,success_full_clip_on_gate,0.9697265625,1,1,1,1
movies2_movies2_000650_90a17ffac05e,pcg_3f588ff563ff6695,movies2,0,1,success_full_clip_on_gate,0.0232696533203125,0,0,1,1
movies2_movies2_000653_5dbd8660f88c,pcg_b35005e113602d6b,movies2,1,1,success_full_clip_on_gate,0.9677734375,1,1,1,1
movies2_movies2_000657_78282952b30d,pcg_3f52e2c3ffe83ef8,movies2,0,1,success_full_clip_on_gate,0.0186004638671875,0,0,1,1
movies2_movies2_000660_fe45c66e3897,pcg_eb8c3f85dc246281,movies2,0,1,success_full_clip_on_gate,0.0216522216796875,0,0,1,1
movies2_movies2_000673_169529e8a686,pcg_db176ece06fe4e13,movies2,0,1,success_full_clip_on_gate,0.021331787109375,0,0,1,1
movies2_movies2_000676_7d13ee29cfa3,pcg_e511371715f9a4a2,movies2,1,1,success_full_clip_on_gate,0.97509765625,1,1,1,1
movies2_movies2_000677_c03fcb21bf52,pcg_b0f76fd92609da8a,movies2,0,1,success_full_clip_on_gate,0.0258026123046875,0,0,1,1
movies2_movies2_000678_3e62e54e5dfe,pcg_2de93dd754094849,movies2,1,1,success_full_clip_on_gate,0.9833984375,1,1,1,1
movies2_movies2_000686_867a35453207,pcg_79823735e56809a5,movies2,0,1,success_full_clip_on_gate,0.0233917236328125,0,0,1,1
movies2_movies2_000694_3ff79a55f7a6,pcg_4092d31198b47d00,movies2,1,1,success,0.97265625,1,1,1,1
movies2_movies2_000695_2a7c88da575f,pcg_fc8fbef5bf99600c,movies2,0,1,success_full_clip_on_gate,0.0218505859375,0,0,1,1
movies2_movies2_000701_5bce0b8c267a,pcg_a390c734615d0ee7,movies2,1,1,success_full_clip_on_gate,0.96923828125,1,1,1,1
movies2_movies2_000701_670a9147e883,pcg_c4b49ca3232a4316,movies2,0,1,success_full_clip_on_gate,0.0140380859375,0,0,1,1
movies2_movies2_000704_e1ddd5acf27e,pcg_56e5e8e0aff47889,movies2,0,1,success_full_clip_on_gate,0.02691650390625,0,0,1,1
movies2_movies2_000706_33596bb07c0b,pcg_071fce7340322eda,movies2,1,1,success_full_clip_on_gate,0.9765625,1,1,1,1
movies2_movies2_000710_605d6f090110,pcg_2a22540e16608a41,movies2,1,1,success_full_clip_on_gate,0.97314453125,1,1,1,1
movies2_movies2_000711_416c720129ef,pcg_e16517c8b34fb889,movies2,1,1,success_full_clip_on_gate,0.96728515625,1,1,1,1
movies2_movies2_000713_a35ca58ef763,pcg_d89a017161798702,movies2,0,1,success_full_clip_on_gate,0.0858154296875,0,0,1,1
movies2_movies2_000718_ed2eb3ea5c70,pcg_f198fc553aaaec11,movies2,1,1,success_full_clip_on_gate,0.97314453125,1,1,1,1
movies2_movies2_000724_d13b425b20c5,pcg_ea302ca1444ae56b,movies2,1,1,success_full_clip_on_gate,0.97802734375,1,1,1,1
movies2_movies2_000726_e4b1bee2e43c,pcg_ea61d971e7588539,movies2,0,1,success_full_clip_on_gate,0.0164947509765625,0,0,1,1
movies2_movies2_000727_1396ec7e720f,pcg_82117407ab39fc26,movies2,1,1,success_full_clip_on_gate,0.97314453125,1,1,1,1
movies2_movies2_000734_38f616deecff,pcg_2ec2a17ec4502404,movies2,1,1,success_full_clip_on_gate,0.97607421875,1,1,1,1
movies2_movies2_000738_fdbed53b0698,pcg_1e597652948929b4,movies2,0,1,success_full_clip_on_gate,0.031280517578125,0,0,1,1
movies2_movies2_000744_7a101c0d43bd,pcg_019bca0bf35c9f55,movies2,1,1,success_full_clip_on_gate,0.97412109375,1,1,1,1
movies2_movies2_000744_c130b88d1fdb,pcg_063806fbed741ad3,movies2,0,1,success_full_clip_on_gate,0.0182647705078125,0,0,1,1
movies2_movies2_000748_ef4e4b2711f8,pcg_64969efa564db815,movies2,1,1,success_full_clip_on_gate,0.97265625,1,1,1,1
movies2_movies2_000758_4b4251de2bc4,pcg_1cdbfa3738d0032a,movies2,0,1,success_full_clip_on_gate,0.029083251953125,0,0,1,1
movies2_movies2_000762_dc817e733e0a,pcg_768991c8c23be679,movies2,1,1,success_full_clip_on_gate,0.97412109375,1,1,1,1
movies2_movies2_000765_a7f5a550d44f,pcg_2e2969f36c64acf8,movies2,1,1,success_full_clip_on_gate,0.9619140625,1,1,1,1
movies2_movies2_000766_d91559ff501f,pcg_e9f902fd189bc767,movies2,0,1,success_full_clip_on_gate,0.026702880859375,0,0,1,1
movies2_movies2_000767_fd785e97fac9,pcg_761e297c5451648b,movies2,1,1,success_full_clip_on_gate,0.97021484375,1,1,1,1
movies2_movies2_000777_0756be4db07c,pcg_b8ea152d69c7f08f,movies2,1,1,success_full_clip_on_gate,0.9716796875,1,1,1,1
movies2_movies2_000786_c6dd7cd694f3,pcg_fe69c4748b00510f,movies2,1,1,success_full_clip_on_gate,0.9697265625,1,1,1,1
movies2_movies2_000788_d45d2f830019,pcg_885d112f8b59acd0,movies2,0,1,success_full_clip_on_gate,0.02484130859375,0,0,1,1
movies2_movies2_000794_92bdf5e88cfe,pcg_fda43b81a9185fb4,movies2,1,1,success_full_clip_on_gate,0.9765625,1,1,1,1
movies2_movies2_000796_4f835955a36a,pcg_a13ab067df5ff770,movies2,1,1,success_full_clip_on_gate,0.97607421875,1,1,1,1
movies2_movies2_000799_37416930681b,pcg_fe11461df7e56a99,movies2,0,1,success_full_clip_on_gate,0.0195465087890625,0,0,1,1
movies2_movies2_000800_8f67ce7ef5a7,pcg_10fe7399dc5d9c9e,movies2,1,1,success_full_clip_on_gate,0.97265625,1,1,1,1
movies2_movies2_000801_f1be6e067822,pcg_ffc5fc38cd3a21f6,movies2,1,1,success_full_clip_on_gate,0.97021484375,1,1,1,1
movies2_movies2_000802_ab021a5d6a24,pcg_5b350013f7673749,movies2,1,1,success,0.96435546875,1,1,1,1
movies2_movies2_000802_f6175223f66f,pcg_a0bc2ec7a6d5bebd,movies2,0,1,success_full_clip_on_gate,0.0224761962890625,0,0,1,1
movies2_movies2_000812_931029b46e17,pcg_f87072d38d75bedc,movies2,0,1,success_full_clip_on_gate,0.0215606689453125,0,0,1,1
movies2_movies2_000818_e37d18e0cd58,pcg_f87072d38d75bedc,movies2,0,0,skipped_normal,0.024627685546875,0,0,1,1
movies2_movies2_000820_2ca2cdc58d57,pcg_a8c71a77efca7da8,movies2,0,1,success_full_clip_on_gate,0.032073974609375,0,0,1,1
movies2_movies2_000821_f58cd6fd7070,pcg_65914ea6a69c6bc2,movies2,1,1,success_full_clip_on_gate,0.96875,1,1,1,1
movies2_movies2_000830_31d05ba20220,pcg_5f6460bdc1e5ae39,movies2,1,1,success_full_clip_on_gate,0.31884765625,0,0,0,0
movies2_movies2_000833_911bae8229e8,pcg_18f5613e7fb89028,movies2,1,1,success_full_clip_on_gate,0.9697265625,1,1,1,1
movies2_movies2_000837_baa5e86091dc,pcg_14582a3ad805ffef,movies2,1,1,success_full_clip_on_gate,0.9736328125,1,1,1,1
movies2_movies2_000844_7eff8f4e2711,pcg_18f5613e7fb89028,movies2,1,1,success_full_clip_on_gate,0.9697265625,1,1,1,1
movies2_movies2_000846_e335bbb3563e,pcg_29b2cafcbf374767,movies2,1,1,success_full_clip_on_gate,0.91455078125,1,1,1,1
movies2_movies2_000847_e28551f9eaaa,pcg_bcc9f06dea18df0b,movies2,1,1,success_full_clip_on_gate,0.97509765625,1,1,1,1
movies2_movies2_000849_a7338cec4cc1,pcg_b90eda0d6f8dbdef,movies2,1,1,success_full_clip_on_gate,0.970703125,1,1,1,1
movies2_movies2_000850_509208135f2c,pcg_40c907fad149344d,movies2,0,1,success_full_clip_on_gate,0.0284881591796875,0,0,1,1
movies2_movies2_000867_24d03a247239,pcg_6eb5dc2c4120a76d,movies2,1,1,success_full_clip_on_gate,0.9716796875,1,1,1,1
movies2_movies2_000870_d9938eeff36b,pcg_3fe110b30b893ff9,movies2,1,1,success_full_clip_on_gate,0.9833984375,1,1,1,1
movies2_movies2_000880_3d8e65fd9076,pcg_b83db47113964574,movies2,0,1,success_full_clip_on_gate,0.029388427734375,0,0,1,1
movies2_movies2_000881_560f925ce28b,pcg_aaee989a91c41449,movies2,1,1,success_full_clip_on_gate,0.9677734375,1,1,1,1
movies2_movies2_000884_ebcafd8b9472,pcg_c98d5914e754048a,movies2,1,1,success_full_clip_on_gate,0.9736328125,1,1,1,1
movies2_movies2_000889_f6a30bb94f60,pcg_f89a6632de2e94f5,movies2,0,0,skipped_normal,0.0232391357421875,0,0,1,1
movies2_movies2_000892_fd7bd8bb2165,pcg_3b8838b5ba8c6e3d,movies2,0,1,success_full_clip_on_gate,0.0268402099609375,0,0,1,1
movies2_movies2_000897_db6808a47340,pcg_329e942de8414c4a,movies2,1,1,success_full_clip_on_gate,0.97265625,1,1,1,1
movies2_movies2_000898_99d28d91da9b,pcg_66c454c204f7c79a,movies2,1,1,success_full_clip_on_gate,0.9755859375,1,1,1,1
movies2_movies2_000899_cb6dd832815f,pcg_149a26afa7f24075,movies2,1,1,success_full_clip_on_gate,0.97802734375,1,1,1,1
movies2_movies2_000901_026141dff77f,pcg_c8e01bed5a527af8,movies2,1,1,success_full_clip_on_gate,0.97216796875,1,1,1,1
movies2_movies2_000905_38e38a8dd378,pcg_b150188727ab12f8,movies2,1,1,success_full_clip_on_gate,0.97509765625,1,1,1,1
movies2_movies2_000907_6969c99dde9d,pcg_68d7bc07f34f06ae,movies2,0,1,success_full_clip_on_gate,0.025299072265625,0,0,1,1
movies2_movies2_000909_56bfe5ba1085,pcg_e2927097c4d9218b,movies2,0,1,success_full_clip_on_gate,0.0182952880859375,0,0,1,1
movies2_movies2_000923_3a79bf0e0823,pcg_bee783f8096cfdcd,movies2,0,0,skipped_normal,0.01739501953125,0,0,1,1
movies2_movies2_000926_92280ffd0dbf,pcg_5ba9c488e8aa7636,movies2,0,1,success_full_clip_on_gate,0.0193023681640625,0,0,1,1
movies2_movies2_000930_f832dbcabc5d,pcg_c7695e2e0c1e80fc,movies2,0,1,success_full_clip_on_gate,0.02587890625,0,0,1,1
movies2_movies2_000938_11f7b8e61caf,pcg_4a470509a0e68911,movies2,1,1,success_full_clip_on_gate,0.97265625,1,1,1,1
movies2_movies2_000941_1ebbebb3a7f3,pcg_a2069b187e839229,movies2,1,1,success,0.97119140625,1,1,1,1
movies2_movies2_000948_3f97035a20bd,pcg_296bee4eaeeb44df,movies2,1,1,success_full_clip_on_gate,0.97509765625,1,1,1,1
movies2_movies2_000948_79b5f8526b2e,pcg_7c4b1fec36fd55f7,movies2,0,1,success,0.97119140625,1,1,0,0
movies2_movies2_000952_cf3d7f062554,pcg_3bed0fc6a0f6834f,movies2,0,1,success_full_clip_on_gate,0.023773193359375,0,0,1,1
movies2_movies2_000959_bf2f54fffcc0,pcg_e92366e307d15b72,movies2,1,1,success_full_clip_on_gate,0.9697265625,1,1,1,1
movies2_movies2_000966_4a338450bbe6,pcg_27e1433f5ce2ed06,movies2,0,1,success_full_clip_on_gate,0.0219268798828125,0,0,1,1
movies2_movies2_000967_955b7e37b66e,pcg_8100deef75c3e5d4,movies2,1,1,success_full_clip_on_gate,0.97119140625,1,1,1,1
movies2_movies2_000973_70038232a0f3,pcg_fa3c22e57ea86861,movies2,1,1,success,0.9716796875,1,1,1,1
movies2_movies2_000974_d47172109d8b,pcg_f68bcfead9a61b15,movies2,1,1,success_full_clip_on_gate,0.97265625,1,1,1,1
movies2_movies2_000977_c612777ade5d,pcg_e5329585265c75fc,movies2,1,1,success_full_clip_on_gate,0.97119140625,1,1,1,1
movies2_movies2_000983_e1c8f6a250b9,pcg_d17b5175fb01da4f,movies2,0,1,success_full_clip_on_gate,0.020782470703125,0,0,1,1
movies2_movies2_000985_1f4867fc04be,pcg_d2efb252060a5d68,movies2,1,1,success_full_clip_on_gate,0.97119140625,1,1,1,1
movies2_movies2_000986_c696d369eebc,pcg_2726ca1f74d34474,movies2,1,1,success_full_clip_on_gate,0.61572265625,1,1,1,1
movies2_movies2_000997_09bb184bdb5f,pcg_0a3da35ea533a434,movies2,0,1,success_full_clip_on_gate,0.86962890625,1,1,0,0
movies2_movies2_001000_b4b41592f184,pcg_a9355e0bb39b6be4,movies2,1,1,success,0.97119140625,1,1,1,1
movies2_movies2_001001_e1e5afac33b7,pcg_3b06b1d9e6523070,movies2,1,1,success_full_clip_on_gate,0.96533203125,1,1,1,1
movies2_movies2_001002_492a9e866dbc,pcg_5d0118cb0e5dd9ed,movies2,0,1,success_full_clip_on_gate,0.0225067138671875,0,0,1,1
movies2_movies2_001005_e96b1ddfb766,pcg_e2be0eb62c4b1e7a,movies2,0,1,success_full_clip_on_gate,0.017578125,0,0,1,1
movies2_movies2_001006_b74af15057ca,pcg_0626cc7f342e706f,movies2,1,1,success_full_clip_on_gate,0.9677734375,1,1,1,1
movies2_movies2_001015_d5ff10410fb0,pcg_e6fe15888314be49,movies2,1,1,success_full_clip_on_gate,0.96533203125,1,1,1,1
movies2_movies2_001016_7849b0ada92c,pcg_f197769779c34b62,movies2,1,1,success,0.97412109375,1,1,1,1
movies2_movies2_001017_ece8c6829589,pcg_a5549aa509650440,movies2,1,1,success_full_clip_on_gate,0.97802734375,1,1,1,1
movies2_movies2_001023_c6563272894c,pcg_94b25a5500df8617,movies2,0,1,success_full_clip_on_gate,0.97412109375,1,1,0,0
movies2_movies2_001024_3f5bdd585880,pcg_3623a51f9e814205,movies2,1,1,success_full_clip_on_gate,0.97265625,1,1,1,1
movies2_movies2_001027_d7c99b10db57,pcg_d1a212d7cc2b7638,movies2,1,1,success_full_clip_on_gate,0.97216796875,1,1,1,1
movies2_movies2_001030_af4d9b189020,pcg_9d6505a0275d79b4,movies2,0,1,success_full_clip_on_gate,0.0174713134765625,0,0,1,1
movies2_movies2_001032_76996e89ff5c,pcg_33846732c4fcf1b7,movies2,0,1,success_full_clip_on_gate,0.02294921875,0,0,1,1
movies2_movies2_001034_d51e391fde02,pcg_77b64b267c90eee9,movies2,0,0,skipped_normal,0.020294189453125,0,0,1,1
movies2_movies2_001041_ef547681cdfc,pcg_8050eda95b720e29,movies2,0,1,success_full_clip_on_gate,0.0251312255859375,0,0,1,1
movies2_movies2_001042_1508042c92e3,pcg_41f072d9dec4df5f,movies2,1,1,success_full_clip_on_gate,0.97607421875,1,1,1,1
movies2_movies2_001043_707704ffa4e5,pcg_4abd827d1ffb0b77,movies2,0,1,success_full_clip_on_gate,0.01666259765625,0,0,1,1
movies2_movies2_001049_a66277a879f5,pcg_09b4f640cc5e7d17,movies2,1,1,success,0.9697265625,1,1,1,1
movies2_movies2_001049_c840d11d764d,pcg_94e72b3e8f9d3f5c,movies2,0,1,success,0.032470703125,0,0,1,1
movies2_movies2_001058_99a11c9f7aa5,pcg_2c2e510d64cbac21,movies2,0,1,success_full_clip_on_gate,0.0176849365234375,0,0,1,1
movies2_movies2_001061_6b1bebd5ffb4,pcg_656d21de3af7e4dc,movies2,1,1,success_full_clip_on_gate,0.974609375,1,1,1,1
movies2_movies2_001071_74a0e0b5582e,pcg_adbd2ca377a3ade8,movies2,0,1,success_full_clip_on_gate,0.0235748291015625,0,0,1,1
movies2_movies2_001074_1ddeb17a8097,pcg_fbc3ab59ad44e279,movies2,0,1,success_full_clip_on_gate,0.0215911865234375,0,0,1,1
movies2_movies2_001076_39cb58c19e11,pcg_b292ef85c6a5776f,movies2,0,1,success_full_clip_on_gate,0.0299224853515625,0,0,1,1
movies2_movies2_001081_adb41050b54b,pcg_25d5f0127817de93,movies2,1,1,success,0.97509765625,1,1,1,1
movies2_movies2_001086_afbd081c7346,pcg_d329cc4c4be34892,movies2,1,1,success_full_clip_on_gate,0.97314453125,1,1,1,1
movies2_movies2_001091_78ef6ed17b05,pcg_0ecfdc57ace9c61e,movies2,0,0,skipped_normal,0.03204345703125,0,0,1,1
movies2_movies2_001092_5930afac7d39,pcg_f8422a8fcc6cee48,movies2,0,0,skipped_normal,0.031280517578125,0,0,1,1
movies2_movies2_001097_6a6a613cc41f,pcg_ad3f28acbbf481df,movies2,1,1,success_full_clip_on_gate,0.966796875,1,1,1,1
movies2_movies2_001099_02deebed91fe,pcg_83bee030e62736ad,movies2,0,0,skipped_normal,0.020965576171875,0,0,1,1
movies2_movies2_001099_47ae020bad10,pcg_cf353781efd19292,movies2,1,1,success_full_clip_on_gate,0.9697265625,1,1,1,1
movies2_movies2_001101_8b0e0708bffb,pcg_f719b049b75c47b2,movies2,1,1,success_full_clip_on_gate,0.9697265625,1,1,1,1
movies2_movies2_001105_08c27b9afecf,pcg_5ab8d7bcffc15dfc,movies2,0,1,success_full_clip_on_gate,0.0278167724609375,0,0,1,1
movies2_movies2_001106_1c63bb5894cf,pcg_cf1e0e6bc347b324,movies2,1,1,success_full_clip_on_gate,0.96044921875,1,1,1,1
movies2_movies2_001107_afd46114ce0f,pcg_cf1e0e6bc347b324,movies2,1,1,success_full_clip_on_gate,0.96826171875,1,1,1,1
movies2_movies2_001109_0bd5a608bf0f,pcg_35311b15d36f5129,movies2,1,1,success,0.455078125,0,0,0,0
movies2_movies2_001112_7ca25e1c1e77,pcg_510ac71ee35a7c24,movies2,0,1,success_full_clip_on_gate,0.032958984375,0,0,1,1
movies2_movies2_001115_da45a9d1be11,pcg_2d92ea34038a4336,movies2,1,1,success_full_clip_on_gate,0.9765625,1,1,1,1
movies2_movies2_001116_001e621a3113,pcg_5dfecfae75305a10,movies2,1,1,success_full_clip_on_gate,0.9755859375,1,1,1,1
movies2_movies2_001117_68a4c448a634,pcg_12972b64a7cab3e3,movies2,1,1,success_full_clip_on_gate,0.97607421875,1,1,1,1
movies2_movies2_001122_7ed7797c6d66,pcg_e9a8f3396ccf9cc4,movies2,0,0,skipped_normal,0.0238037109375,0,0,1,1
movies2_movies2_001123_d0d9e55673b6,pcg_14515173152ff0f7,movies2,1,1,success_full_clip_on_gate,0.96728515625,1,1,1,1
movies2_movies2_001124_e588a382a480,pcg_91d6c138914fa1f2,movies2,1,1,success_full_clip_on_gate,0.9736328125,1,1,1,1
movies2_movies2_001126_f5e7c1c87b64,pcg_a8314778a7e9d26a,movies2,1,1,success_full_clip_on_gate,0.9794921875,1,1,1,1
movies2_movies2_001132_69aecf434932,pcg_0998ae87245103ee,movies2,1,1,success_full_clip_on_gate,0.1953125,0,0,0,0
movies2_movies2_001133_b923fd76da58,pcg_db8cde1261240d41,movies2,1,1,success,0.96826171875,1,1,1,1
movies2_movies2_001134_f1c96c528a7b,pcg_0f5b378f146235d7,movies2,1,1,success_full_clip_on_gate,0.80908203125,1,1,1,1
movies2_movies2_001137_464f66c59e39,pcg_7c47854c860a884b,movies2,1,1,success_full_clip_on_gate,0.96826171875,1,1,1,1
movies2_movies2_001138_ba3fff937f30,pcg_86a366b6bc07f2ff,movies2,0,1,success_full_clip_on_gate,0.038818359375,0,0,1,1
movies2_movies2_001140_71e0e95325bd,pcg_083a28f4938af44e,movies2,1,1,success_full_clip_on_gate,0.9677734375,1,1,1,1
movies2_movies2_001141_d3a992247dbd,pcg_11956b7fa3daf60d,movies2,0,1,success_full_clip_on_gate,0.0279541015625,0,0,1,1
movies2_movies2_001143_c3d839849103,pcg_b4379626d181e258,movies2,0,1,success_full_clip_on_gate,0.022430419921875,0,0,1,1
movies2_movies2_001144_2c69b109f365,pcg_296c50cf7f935016,movies2,0,1,success_full_clip_on_gate,0.02203369140625,0,0,1,1
movies2_movies2_001147_7a905804f5bc,pcg_85c4c1b790af93ab,movies2,1,1,success,0.383056640625,0,0,0,0
movies2_movies2_001158_79b3ba3417b1,pcg_b4aa9312b98cc9c1,movies2,0,1,success_full_clip_on_gate,0.0192413330078125,0,0,1,1
movies2_movies2_001159_521d413bd06b,pcg_831470456aafbe3a,movies2,0,1,success_full_clip_on_gate,0.01788330078125,0,0,1,1
movies2_movies2_001162_2f3dd344a79d,pcg_ee5531684898e6a1,movies2,1,1,success_full_clip_on_gate,0.9677734375,1,1,1,1
movies2_movies2_001169_5aa5bb81f8aa,pcg_3f494e075ff6d867,movies2,1,1,success_full_clip_on_gate,0.97412109375,1,1,1,1
movies2_movies2_001177_475cb0143b62,pcg_118f4a811bc12d9b,movies2,1,1,success_full_clip_on_gate,0.943359375,1,1,1,1
movies2_movies2_001182_dbfdb2cb21ba,pcg_8f7180d901cec708,movies2,0,0,skipped_normal,0.025634765625,0,0,1,1
movies2_movies2_001184_2efc0de38872,pcg_f334209a420fcb4b,movies2,0,0,skipped_normal,0.0255584716796875,0,0,1,1
movies2_movies2_001185_4ebc69c93a77,pcg_dc5a49f2a17e64eb,movies2,0,1,success_full_clip_on_gate,0.0182647705078125,0,0,1,1
movies2_movies2_001186_167a84737092,pcg_8adfa66b7b7b1412,movies2,0,1,success_full_clip_on_gate,0.0189971923828125,0,0,1,1
movies2_movies2_001187_64bd0c5c4431,pcg_ca5e7c238f56ff1d,movies2,1,1,success,0.974609375,1,1,1,1
movies2_movies2_001188_4a0487a67f91,pcg_485409453c2d5389,movies2,0,1,success_full_clip_on_gate,0.0193328857421875,0,0,1,1
movies2_movies2_001193_4e7f10598a6f,pcg_48846f069dd08abd,movies2,1,1,success_full_clip_on_gate,0.9755859375,1,1,1,1
movies2_movies2_001197_352fa3175d65,pcg_8254cbd290536cb4,movies2,0,0,skipped_normal,0.02191162109375,0,0,1,1
movies2_movies2_001199_d42735ca511d,pcg_d74d351a821fcee6,movies2,1,0,skipped_normal,0.970703125,1,0,1,0
movies2_movies2_001200_e5715d0cc28a,pcg_8254cbd290536cb4,movies2,0,1,success_full_clip_on_gate,0.022918701171875,0,0,1,1
movies2_movies2_001202_58dcbfcf24a7,pcg_60d7670aa9ad73c6,movies2,1,1,success_full_clip_on_gate,0.96923828125,1,1,1,1
movies2_movies2_001204_c72f153cf7f6,pcg_58014c120719dda3,movies2,0,1,success_full_clip_on_gate,0.02252197265625,0,0,1,1
movies2_movies2_001214_645c1ee4de4c,pcg_21fb0bbdb860533a,movies2,1,1,success_full_clip_on_gate,0.97119140625,1,1,1,1
movies2_movies2_001214_a2501d1f2916,pcg_c52515f90d89e29b,movies2,0,1,success_full_clip_on_gate,0.0254974365234375,0,0,1,1
movies2_movies2_001216_2f218a67e191,pcg_d2664b2dc155e99d,movies2,1,1,success_full_clip_on_gate,0.95654296875,1,1,1,1
movies2_movies2_001227_bab6333897bf,pcg_bc4553992257d7d1,movies2,0,1,success_full_clip_on_gate,0.02801513671875,0,0,1,1
movies2_movies2_001229_9bebbadce50a,pcg_bd9f47f204a4e1e3,movies2,1,1,success,0.97314453125,1,1,1,1
movies2_movies2_001230_bc5eca55eb27,pcg_20e88204ed8a16c1,movies2,0,1,success_full_clip_on_gate,0.0236968994140625,0,0,1,1
movies2_movies2_001232_4b932f9cb545,pcg_a0fd0dcec26bc723,movies2,1,1,success,0.97802734375,1,1,1,1
movies2_movies2_001234_329f90758aee,pcg_bd52e67ded5385a8,movies2,1,1,success_full_clip_on_gate,0.9697265625,1,1,1,1
movies2_movies2_001236_bfca302e77b3,pcg_9623624f885c16be,movies2,0,1,success_full_clip_on_gate,0.023193359375,0,0,1,1
movies2_movies2_001237_7df69a145c37,pcg_ed852ad1975f02a3,movies2,0,1,success,0.0303802490234375,0,0,1,1
movies2_movies2_001238_7ef77c71484f,pcg_db54ae558a53717c,movies2,1,1,success_full_clip_on_gate,0.9658203125,1,1,1,1
movies2_movies2_001241_c28568cdb79a,pcg_563aab249d6452aa,movies2,0,1,success_full_clip_on_gate,0.02447509765625,0,0,1,1
movies2_movies2_001242_3be94ed54bca,pcg_28e8631c61c05205,movies2,0,1,success_full_clip_on_gate,0.0210418701171875,0,0,1,1
movies2_movies2_001246_9942fe183f1b,pcg_37ec68c752a8071c,movies2,0,1,success_full_clip_on_gate,0.0221405029296875,0,0,1,1
movies2_movies2_001248_ea0f30a16790,pcg_ec5ae267c6e19967,movies2,0,1,success_full_clip_on_gate,0.02288818359375,0,0,1,1
movies2_movies2_001250_75ab559f7e98,pcg_e87e3814e1f3f591,movies2,1,1,success_full_clip_on_gate,0.97705078125,1,1,1,1
movies2_movies2_001251_32ecd62e9d68,pcg_723c54d1e1f70a31,movies2,1,1,success_full_clip_on_gate,0.97412109375,1,1,1,1
movies2_movies2_001251_d90fc183450c,pcg_16a1492c014dba5b,movies2,0,1,success_full_clip_on_gate,0.0289306640625,0,0,1,1
movies2_movies2_001256_7dae1cf379fe,pcg_8d3b248ef0f5470b,movies2,0,1,success_full_clip_on_gate,0.034942626953125,0,0,1,1
movies2_movies2_001257_5e3533dee06a,pcg_e6b56e08e10f3412,movies2,0,1,success_full_clip_on_gate,0.0251007080078125,0,0,1,1
movies2_movies2_001261_5dfe82bfb050,pcg_fbcc21efd53be64e,movies2,0,1,success_full_clip_on_gate,0.0195159912109375,0,0,1,1
movies2_movies2_001262_5844437b7d2d,pcg_0cc7de46657377d1,movies2,1,1,success_full_clip_on_gate,0.97216796875,1,1,1,1
movies2_movies2_001263_7541d46f55ab,pcg_7db2e8ac5f9dca79,movies2,0,1,success_full_clip_on_gate,0.0192718505859375,0,0,1,1
movies2_movies2_001264_1fc99d1bd8b9,pcg_86a54aec7d45276f,movies2,1,1,success_full_clip_on_gate,0.970703125,1,1,1,1
movies2_movies2_001272_a58c79eeaa3c,pcg_01ac4348e213c39c,movies2,0,1,success_full_clip_on_gate,0.0289764404296875,0,0,1,1
movies2_movies2_001276_274e0d708ffa,pcg_8d113aacdb0df09e,movies2,1,1,success_full_clip_on_gate,0.97314453125,1,1,1,1
movies2_movies2_001285_d3a21818423d,pcg_5b09fcb9b1ad6070,movies2,1,1,success_full_clip_on_gate,0.96875,1,1,1,1
movies2_movies2_001288_9193ec317418,pcg_ec95cb6da2b2562e,movies2,0,1,success,0.0394287109375,0,0,1,1
movies2_movies2_001294_e1a847ab4141,pcg_fb82532ab9a55083,movies2,0,1,success_full_clip_on_gate,0.01467132568359375,0,0,1,1
movies2_movies2_001295_1629cc9f4733,pcg_bf619bfec1abdc39,movies2,0,1,success_full_clip_on_gate,0.01806640625,0,0,1,1
movies2_movies2_001295_32e5f962e42b,pcg_a1cd5f8cba25f51d,movies2,1,1,success_full_clip_on_gate,0.97119140625,1,1,1,1
movies2_movies2_001299_966b2945b8b1,pcg_c6748ae94a54336f,movies2,0,1,success,0.01947021484375,0,0,1,1
movies2_movies2_001300_c820664087d9,pcg_39db80d7c0d01044,movies2,0,1,success_full_clip_on_gate,0.02520751953125,0,0,1,1
movies2_movies2_001305_9e7f97ed3d46,pcg_575707237a0fa276,movies2,1,1,success_full_clip_on_gate,0.96875,1,1,1,1
movies2_movies2_001306_022bbcb1939e,pcg_58b1f883b5cd1e66,movies2,1,1,success_full_clip_on_gate,0.97265625,1,1,1,1
movies2_movies2_001312_566b66581efc,pcg_1c80bfe24a992fbd,movies2,1,1,success_full_clip_on_gate,0.9697265625,1,1,1,1
movies2_movies2_001317_39800c790388,pcg_62233006bc2f0fec,movies2,1,1,success_full_clip_on_gate,0.97216796875,1,1,1,1
movies2_movies2_001318_2c81798b117f,pcg_c38a11c08ecd4f49,movies2,0,1,success_full_clip_on_gate,0.0260772705078125,0,0,1,1
movies2_movies2_001321_3fa863f95d98,pcg_e8630b87ebac81b8,movies2,0,1,success_full_clip_on_gate,0.0242767333984375,0,0,1,1
movies2_movies2_001328_bef4b0e0c1e1,pcg_5490b7bc13ac12ed,movies2,1,1,success_full_clip_on_gate,0.9716796875,1,1,1,1
movies2_movies2_001328_d7f4f52498bb,pcg_11d7f7c66b7b2c08,movies2,0,1,success_full_clip_on_gate,0.0177764892578125,0,0,1,1
movies2_movies2_001343_4232b5780231,pcg_82cceb73bea3797c,movies2,0,1,success_full_clip_on_gate,0.0301513671875,0,0,1,1
movies2_movies2_001346_9fb436c95dd6,pcg_a5c234d794cb5953,movies2,0,1,success_full_clip_on_gate,0.034423828125,0,0,1,1
movies2_movies2_001347_9dfd2a0b09a1,pcg_ac7d77346208338c,movies2,1,1,success_full_clip_on_gate,0.9677734375,1,1,1,1
movies2_movies2_001356_807c484fff79,pcg_803285dac8371c4d,movies2,0,0,skipped_normal,0.0180511474609375,0,0,1,1
movies2_movies2_001360_192266d3d23b,pcg_caf6a1e65752caf7,movies2,0,1,success_full_clip_on_gate,0.021087646484375,0,0,1,1
movies2_movies2_001366_27636269e3c1,pcg_a574df8dd55044ec,movies2,1,1,success_full_clip_on_gate,0.96923828125,1,1,1,1
movies2_movies2_001370_51074e9d2feb,pcg_6b7807bdd0626dff,movies2,0,1,success_full_clip_on_gate,0.0224761962890625,0,0,1,1
movies2_movies2_001371_647562f25528,pcg_ac6e73ecbe426760,movies2,1,1,success_full_clip_on_gate,0.96630859375,1,1,1,1
movies2_movies2_001374_9d05071021d0,pcg_a37a466bc9a817ee,movies2,0,1,success_full_clip_on_gate,0.0186004638671875,0,0,1,1
movies2_movies2_001376_9855cba65d60,pcg_08313ed4a9fa4384,movies2,1,1,success_full_clip_on_gate,0.97802734375,1,1,1,1
movies2_movies2_001379_dac94edb7612,pcg_a067af917300a34b,movies2,1,1,success_full_clip_on_gate,0.96728515625,1,1,1,1
movies2_movies2_001380_bdcd0e475c54,pcg_f238ad639c644d66,movies2,0,1,success_full_clip_on_gate,0.02752685546875,0,0,1,1
movies2_movies2_001381_5a1704f29d60,pcg_e4529607386336a2,movies2,0,1,success,0.054290771484375,0,0,1,1
movies2_movies2_001381_b7b796ea855e,pcg_492df1bc78774c5d,movies2,1,1,success_full_clip_on_gate,0.9716796875,1,1,1,1
movies2_movies2_001382_ee0414b3eb1c,pcg_6d703c729f639fe5,movies2,0,1,success_full_clip_on_gate,0.023773193359375,0,0,1,1
movies2_movies2_001384_cb0b7d32fd6e,pcg_e8887557e121c0a5,movies2,1,1,success_full_clip_on_gate,0.97265625,1,1,1,1
movies2_movies2_001389_5c31d3265320,pcg_d3d758ebb87230f4,movies2,1,1,success_full_clip_on_gate,0.970703125,1,1,1,1
movies2_movies2_001390_3e7ad0ceecf4,pcg_f49c01c5e9c94916,movies2,0,1,success_full_clip_on_gate,0.048187255859375,0,0,1,1
movies2_movies2_001391_6cb1dfdca711,pcg_7a09314076fb86e4,movies2,0,1,success_full_clip_on_gate,0.0237274169921875,0,0,1,1
movies2_movies2_001391_c67893c31354,pcg_668e9ab81778bc2e,movies2,1,1,success_full_clip_on_gate,0.9697265625,1,1,1,1
movies2_movies2_001406_15e213fa19e5,pcg_d3cd781309e8f3bf,movies2,0,1,success_full_clip_on_gate,0.0233306884765625,0,0,1,1
movies2_movies2_001409_b6a29be00ece,pcg_2ac38da895cd766d,movies2,0,0,skipped_normal,0.0253753662109375,0,0,1,1
movies2_movies2_001412_0626ad970f13,pcg_820565a78790b719,movies2,1,1,success,0.9697265625,1,1,1,1
movies2_movies2_001415_e4b9a6dd15db,pcg_0c55413bd63e6e4c,movies2,0,1,success_full_clip_on_gate,0.0268096923828125,0,0,1,1
movies2_movies2_001417_898657ca87db,pcg_ac8c52e26d849d3c,movies2,0,1,success_full_clip_on_gate,0.0210113525390625,0,0,1,1
movies2_movies2_001417_a8ef2e1901b7,pcg_d1ba72a46f7e8fd4,movies2,1,1,success_full_clip_on_gate,0.9716796875,1,1,1,1
movies2_movies2_001418_e2ad2b93c16f,pcg_d310e6d83929b677,movies2,1,1,success_full_clip_on_gate,0.9755859375,1,1,1,1
movies2_movies2_001423_052b484e11b3,pcg_9c13c43068640753,movies2,0,1,success_full_clip_on_gate,0.016693115234375,0,0,1,1
movies2_movies2_001425_d3f9bf8e175b,pcg_9f70ec630fc47ff7,movies2,0,1,success_full_clip_on_gate,0.0242156982421875,0,0,1,1
movies2_movies2_001426_5fbaf3f4b1c1,pcg_370048938379f6ca,movies2,1,1,success_full_clip_on_gate,0.9658203125,1,1,1,1
movies2_movies2_001428_6b674edb6c97,pcg_e1936d7a39cf3836,movies2,1,1,success_full_clip_on_gate,0.9736328125,1,1,1,1
movies2_movies2_001440_2e36b1a4a541,pcg_f668665e16069a44,movies2,0,1,success_full_clip_on_gate,0.0236053466796875,0,0,1,1
movies2_movies2_001447_082bc76cc171,pcg_fd146cebd57f383f,movies2,0,0,skipped_normal,0.0235595703125,0,0,1,1
movies2_movies2_001448_8f95b22e6a9a,pcg_57b0f8ec155ca58c,movies2,1,1,success_full_clip_on_gate,0.96142578125,1,1,1,1
movies2_movies2_001455_500216102c91,pcg_7ead3efe2017bf1d,movies2,1,1,success_full_clip_on_gate,0.97412109375,1,1,1,1
movies2_movies2_001465_e82fd10e8e24,pcg_8a654556c9edbbb5,movies2,0,0,skipped_normal,0.0172271728515625,0,0,1,1
movies2_movies2_001466_dc46ab94257c,pcg_3cd26bf90b3f63a1,movies2,1,1,success_full_clip_on_gate,0.9716796875,1,1,1,1
movies2_movies2_001469_e3904311cb64,pcg_8c9b434afdd11ff6,movies2,1,1,success_full_clip_on_gate,0.97314453125,1,1,1,1
movies2_movies2_001483_bb11e51a24e4,pcg_2d1eb1263e77f487,movies2,1,1,success_full_clip_on_gate,0.9697265625,1,1,1,1
movies2_movies2_001484_8d2d692e02ba,pcg_5524e90e0df180d8,movies2,0,0,skipped_normal,0.0267791748046875,0,0,1,1
movies2_movies2_001490_9b9542c01468,pcg_1869f8bb07ee7a1a,movies2,1,1,success_full_clip_on_gate,0.96923828125,1,1,1,1
movies2_movies2_001491_f8861fe22128,pcg_867d779cc87678d3,movies2,0,0,skipped_normal,0.023956298828125,0,0,1,1
movies2_movies2_001492_84b021d4fbe8,pcg_bfe694630addf89c,movies2,1,1,success_full_clip_on_gate,0.9755859375,1,1,1,1
rwf2000_rwf2000_001633_42c7605009e8,pcg_527fef39f56c7168,rwf2000,1,1,success_full_clip_on_gate,0.95751953125,1,1,1,1
rwf2000_rwf2000_001636_da998f670c97,pcg_18842c36ec85f1b1,rwf2000,1,1,success_full_clip_on_gate,0.316162109375,0,0,0,0
rwf2000_rwf2000_001638_60ee19042131,pcg_0b96cb77910c1e08,rwf2000,1,1,success_full_clip_on_gate,0.9716796875,1,1,1,1
rwf2000_rwf2000_001650_07418ea97b57,pcg_f27d7e768eec1f5e,rwf2000,0,1,success_full_clip_on_gate,0.96533203125,1,1,0,0
rwf2000_rwf2000_001655_cef41bb7b538,pcg_9565c09df35d9fc0,rwf2000,0,1,success_full_clip_on_gate,0.10943603515625,0,0,1,1
rwf2000_rwf2000_001658_fc0a73623760,pcg_a1bd79014f5be51b,rwf2000,0,0,skipped_normal,0.03131103515625,0,0,1,1
rwf2000_rwf2000_001659_44c9b1bf10bd,pcg_99e484aae6358fa5,rwf2000,0,1,success_full_clip_on_gate,0.9755859375,1,1,0,0
rwf2000_rwf2000_001661_b1bf861120bd,pcg_edce4ba3ebdc7df8,rwf2000,1,1,success_full_clip_on_gate,0.9677734375,1,1,1,1
rwf2000_rwf2000_001664_18d45aaa3952,pcg_965ca2beb8b1a0b4,rwf2000,0,1,success_full_clip_on_gate,0.0163421630859375,0,0,1,1
rwf2000_rwf2000_001679_555d8dfe6641,pcg_efe06c7a8d733d52,rwf2000,1,1,success_full_clip_on_gate,0.9765625,1,1,1,1
rwf2000_rwf2000_001684_aa44b548dfaf,pcg_ef9d3d150e1aac58,rwf2000,1,1,success_full_clip_on_gate,0.96484375,1,1,1,1
rwf2000_rwf2000_001685_43dd6c133b37,pcg_f37218891aba07d4,rwf2000,1,1,success_full_clip_on_gate,0.409423828125,0,0,0,0
rwf2000_rwf2000_001689_dcc4a9d59d73,pcg_bf5d5d0ca0343107,rwf2000,1,1,success_full_clip_on_gate,0.9765625,1,1,1,1
rwf2000_rwf2000_001693_27ee4b441d02,pcg_da55f327a9445b6a,rwf2000,0,1,success_full_clip_on_gate,0.85205078125,1,1,0,0
rwf2000_rwf2000_001708_31a55d56c452,pcg_2d7dffaa08b537b2,rwf2000,1,1,success_full_clip_on_gate,0.97314453125,1,1,1,1
rwf2000_rwf2000_001721_3388def317fc,pcg_c981e04aa4d56bf5,rwf2000,0,1,success_full_clip_on_gate,0.10345458984375,0,0,1,1
rwf2000_rwf2000_001747_18286421771d,pcg_4da998df0382e1d7,rwf2000,1,1,success_full_clip_on_gate,0.314208984375,0,0,0,0
rwf2000_rwf2000_001749_68c3e3aa71ea,pcg_2fe58a5b3fa63416,rwf2000,1,1,success_full_clip_on_gate,0.9755859375,1,1,1,1
rwf2000_rwf2000_001776_530b5bbb572c,pcg_564c974434c44972,rwf2000,1,1,success_full_clip_on_gate,0.943359375,1,1,1,1
rwf2000_rwf2000_001782_0a9384b99025,pcg_6e441d6ab5112e64,rwf2000,1,1,success_full_clip_on_gate,0.97607421875,1,1,1,1
rwf2000_rwf2000_001784_5e3e5a6123af,pcg_73826ca4f11a4dd2,rwf2000,1,1,success_full_clip_on_gate,0.974609375,1,1,1,1
rwf2000_rwf2000_001792_645424337e88,pcg_16f962859518db75,rwf2000,1,1,success_full_clip_on_gate,0.97021484375,1,1,1,1
rwf2000_rwf2000_001809_9379ec84fa48,pcg_086bcb3075178b6a,rwf2000,1,1,success_full_clip_on_gate,0.97265625,1,1,1,1
rwf2000_rwf2000_001813_4aeed5ea1ef5,pcg_0b96cb77910c1e08,rwf2000,1,1,success_full_clip_on_gate,0.94384765625,1,1,1,1
rwf2000_rwf2000_001831_a9fc04c270a3,pcg_8239cca2d6d30073,rwf2000,1,1,success_full_clip_on_gate,0.974609375,1,1,1,1
rwf2000_rwf2000_001833_9101c03997bb,pcg_089768433f07cca2,rwf2000,1,1,success,0.96630859375,1,1,1,1
rwf2000_rwf2000_001853_5910637af385,pcg_462f0d9568909edb,rwf2000,1,1,success_full_clip_on_gate,0.9677734375,1,1,1,1
surv_fight_surv_fight_001757_50d5dc32430e,pcg_a14ada35902548db,surv_fight,0,1,success_full_clip_on_gate,0.034210205078125,0,0,1,1
surv_fight_surv_fight_001777_7d38cc5df44b,pcg_8597d4500b40992b,surv_fight,0,1,success_full_clip_on_gate,0.01387786865234375,0,0,1,1
surv_fight_surv_fight_001783_58a901a59310,pcg_5d0edd866501beec,surv_fight,0,1,success_full_clip_on_gate,0.94482421875,1,1,0,0
surv_fight_surv_fight_001791_d3f34b484124,pcg_bd9925140aaf06c9,surv_fight,0,1,success_full_clip_on_gate,0.9736328125,1,1,0,0
surv_fight_surv_fight_001796_cc5db847267e,pcg_68e8cd04287f25c7,surv_fight,0,0,skipped_normal,0.0156707763671875,0,0,1,1
surv_fight_surv_fight_001805_fc1f652fec28,pcg_c81cf503c1e0ad57,surv_fight,0,1,success_full_clip_on_gate,0.02239990234375,0,0,1,1
surv_fight_surv_fight_001831_a1ff83513478,pcg_6d6f37953c5eb66f,surv_fight,0,1,success_full_clip_on_gate,0.0153350830078125,0,0,1,1
surv_fight_surv_fight_001832_a42edafe146a,pcg_6d6f37953c5eb66f,surv_fight,0,0,skipped_normal,0.030364990234375,0,0,1,1
surv_fight_surv_fight_001833_aa1c47444ccc,pcg_6d6f37953c5eb66f,surv_fight,0,1,success_full_clip_on_gate,0.0299835205078125,0,0,1,1
surv_fight_surv_fight_001834_46ab8af4f467,pcg_6d6f37953c5eb66f,surv_fight,0,1,success_full_clip_on_gate,0.0269927978515625,0,0,1,1
surv_fight_surv_fight_001835_ce1bd85cd895,pcg_bcb464ec1f257b85,surv_fight,0,0,skipped_normal,0.88720703125,1,0,0,1
surv_fight_surv_fight_001838_29824c543e5a,pcg_06f1c51af6a73c8c,surv_fight,0,1,success_full_clip_on_gate,0.9697265625,1,1,0,0
surv_fight_surv_fight_001843_c0d8daee1cee,pcg_4c0b2bad4048f19b,surv_fight,0,1,success_full_clip_on_gate,0.97021484375,1,1,0,0
surv_fight_surv_fight_001857_4555a0a830f6,pcg_9d38d9eaf4a58d92,surv_fight,1,1,success,0.97314453125,1,1,1,1
surv_fight_surv_fight_001859_ecc2e4c74709,pcg_891b85d29ad90a05,surv_fight,0,1,success_full_clip_on_gate,0.02606201171875,0,0,1,1
surv_fight_surv_fight_001865_f1b0f707124a,pcg_65f027dff387e7c2,surv_fight,1,1,success_full_clip_on_gate,0.96923828125,1,1,1,1
surv_fight_surv_fight_001869_67359753445b,pcg_7337642046d2f98d,surv_fight,0,0,skipped_normal,0.03594970703125,0,0,1,1
surv_fight_surv_fight_001875_70b71f4c989c,pcg_c13001d419fc2374,surv_fight,0,1,success_full_clip_on_gate,0.0201568603515625,0,0,1,1
surv_fight_surv_fight_001877_bef64f0cc71f,pcg_590e54d5203609c2,surv_fight,1,1,success_full_clip_on_gate,0.97314453125,1,1,1,1
surv_fight_surv_fight_001886_37e576c5d39d,pcg_522ebfc3526592a9,surv_fight,0,1,success_full_clip_on_gate,0.0185699462890625,0,0,1,1
surv_fight_surv_fight_001887_4f6a3b3d4b16,pcg_97f017ab2eac3382,surv_fight,1,1,success_full_clip_on_gate,0.9794921875,1,1,1,1
surv_fight_surv_fight_001889_2a6e856ea04b,pcg_cbac52b7a1a847bb,surv_fight,1,1,success_full_clip_on_gate,0.96630859375,1,1,1,1
surv_fight_surv_fight_001889_7943edd4d6eb,pcg_3363c8e9fb78d2ed,surv_fight,0,1,success_full_clip_on_gate,0.9736328125,1,1,0,0
surv_fight_surv_fight_001891_c83865804ba1,pcg_79cd65b2f753dbfb,surv_fight,1,1,success_full_clip_on_gate,0.97509765625,1,1,1,1
surv_fight_surv_fight_001895_6903ffe13989,pcg_b70986c14495c81f,surv_fight,1,1,success_full_clip_on_gate,0.97412109375,1,1,1,1
surv_fight_surv_fight_001897_71be3de92c4a,pcg_44d10155fdab281e,surv_fight,1,0,skipped_normal,0.97705078125,1,0,1,0
surv_fight_surv_fight_001905_a9a2ec041f33,pcg_faeb2ee254621f0a,surv_fight,1,1,success_full_clip_on_gate,0.97216796875,1,1,1,1
surv_fight_surv_fight_001913_a3dda00ec8ee,pcg_d9492e6b79eaa078,surv_fight,1,1,success_full_clip_on_gate,0.9697265625,1,1,1,1
surv_fight_surv_fight_001921_916c9ca9c630,pcg_6dd426be76c603e6,surv_fight,1,1,success_full_clip_on_gate,0.9638671875,1,1,1,1
surv_fight_surv_fight_001930_cba07ae42145,pcg_47cfbfeb1c063cd6,surv_fight,1,1,success_full_clip_on_gate,0.97412109375,1,1,1,1
surv_fight_surv_fight_001942_d913462e6038,pcg_265905a68c3d730b,surv_fight,1,1,success_full_clip_on_gate,0.98095703125,1,1,1,1
surv_fight_surv_fight_001943_2053bb5f3f1c,pcg_47cfbfeb1c063cd6,surv_fight,1,0,skipped_normal,0.9775390625,1,0,1,0
surv_fight_surv_fight_001954_46dd6a99bde5,pcg_6d59e1e48980f946,surv_fight,1,1,success_full_clip_on_gate,0.97314453125,1,1,1,1
surv_fight_surv_fight_001961_87cd511a6154,pcg_f41e6fb3cd2bdab3,surv_fight,1,1,success_full_clip_on_gate,0.97509765625,1,1,1,1
surv_fight_surv_fight_001970_3c29e4e3ce66,pcg_2db3590e70fa458c,surv_fight,1,1,success_full_clip_on_gate,0.962890625,1,1,1,1
surv_fight_surv_fight_001989_3855966a4b5e,pcg_e57be474edfceebf,surv_fight,1,1,success_full_clip_on_gate,0.94580078125,1,1,1,1
surv_fight_surv_fight_001996_537e99b812ee,pcg_7521013437c58b46,surv_fight,1,1,success_full_clip_on_gate,0.97314453125,1,1,1,1
violent_flows_violent_flows_001503_2fecac505e06,pcg_283f233798344d76,violent_flows,1,1,success,0.966796875,1,1,1,1
violent_flows_violent_flows_001505_a627db3de424,pcg_60763f393fd6a9a8,violent_flows,0,1,success_full_clip_on_gate,0.0221099853515625,0,0,1,1
violent_flows_violent_flows_001508_8db6db7b3170,pcg_56965ec8e059af39,violent_flows,1,1,success_full_clip_on_gate,0.97265625,1,1,1,1
violent_flows_violent_flows_001519_0252b5665849,pcg_2906f82fc37e01b8,violent_flows,0,1,success_full_clip_on_gate,0.3740234375,0,0,1,1
violent_flows_violent_flows_001529_4de90d4c2b80,pcg_3fb536da91896b7e,violent_flows,1,1,success_full_clip_on_gate,0.9736328125,1,1,1,1
violent_flows_violent_flows_001530_12c7ff951103,pcg_6aa19de7bfc13bae,violent_flows,0,1,success_full_clip_on_gate,0.027923583984375,0,0,1,1
violent_flows_violent_flows_001532_a30619de9f95,pcg_a7f133b8be0e9c2b,violent_flows,0,1,success,0.0242767333984375,0,0,1,1
violent_flows_violent_flows_001549_ac48b3ce0042,pcg_c7269734c6cdd104,violent_flows,0,1,success_full_clip_on_gate,0.018768310546875,0,0,1,1
violent_flows_violent_flows_001552_df8c52229603,pcg_77d55c19ea71bf99,violent_flows,0,1,success,0.015350341796875,0,0,1,1
violent_flows_violent_flows_001555_b8ca711f010e,pcg_0bc370892fe8c3bc,violent_flows,0,1,success_full_clip_on_gate,0.031890869140625,0,0,1,1
violent_flows_violent_flows_001555_d8a2b7bab393,pcg_764dd4b6894f9fdd,violent_flows,1,0,skipped_normal,0.97314453125,1,0,1,0
violent_flows_violent_flows_001559_e8a515ef1519,pcg_61c7c1612c4b96bb,violent_flows,1,1,success_full_clip_on_gate,0.9677734375,1,1,1,1
violent_flows_violent_flows_001566_63dd4ad426c5,pcg_d164e9f70acf3076,violent_flows,1,1,success,0.96923828125,1,1,1,1
violent_flows_violent_flows_001567_b432042e507b,pcg_70af8d4e8d0e4598,violent_flows,0,1,success_full_clip_on_gate,0.026580810546875,0,0,1,1
violent_flows_violent_flows_001571_1fd6a88c3e41,pcg_02afe534fcdf308d,violent_flows,1,1,success_full_clip_on_gate,0.97265625,1,1,1,1
violent_flows_violent_flows_001578_551b6ab669c4,pcg_4ede82e05817026e,violent_flows,0,0,skipped_normal,0.0135955810546875,0,0,1,1
violent_flows_violent_flows_001582_f0fc6a287c8a,pcg_20a63a70490ed562,violent_flows,1,1,success_full_clip_on_gate,0.9736328125,1,1,1,1
violent_flows_violent_flows_001583_57b244595ca9,pcg_fdfe2eaa12c1e99f,violent_flows,0,1,success,0.027557373046875,0,0,1,1
violent_flows_violent_flows_001587_d8458f962bb0,pcg_c0442c85b85c60ec,violent_flows,0,1,success_full_clip_on_gate,0.0266265869140625,0,0,1,1
violent_flows_violent_flows_001591_ba1d76319114,pcg_8da195f0b12c988d,violent_flows,1,1,success_full_clip_on_gate,0.96728515625,1,1,1,1
violent_flows_violent_flows_001593_b2ad529a6c17,pcg_566711795a8ca7a0,violent_flows,1,1,success_full_clip_on_gate,0.966796875,1,1,1,1
violent_flows_violent_flows_001595_02e62948aa53,pcg_85958cff346aa33d,violent_flows,1,1,success_full_clip_on_gate,0.9755859375,1,1,1,1
violent_flows_violent_flows_001596_6d4cc03874b7,pcg_f5e63d40938c0ec7,violent_flows,0,1,success_full_clip_on_gate,0.032379150390625,0,0,1,1
violent_flows_violent_flows_001597_d205aef38ba0,pcg_70af8d4e8d0e4598,violent_flows,0,1,success_full_clip_on_gate,0.026580810546875,0,0,1,1
violent_flows_violent_flows_001602_8518d9aebb9d,pcg_1bd92ae5ca2c7fef,violent_flows,0,1,success_full_clip_on_gate,0.0293731689453125,0,0,1,1
violent_flows_violent_flows_001608_b2cf8f7e4a6f,pcg_42e804f9492e7c8c,violent_flows,1,1,success_full_clip_on_gate,0.97705078125,1,1,1,1
violent_flows_violent_flows_001609_66c9e5fd8131,pcg_b09bba80db35a693,violent_flows,1,1,success_full_clip_on_gate,0.96923828125,1,1,1,1
violent_flows_violent_flows_001609_d6d5f49691a1,pcg_bf866a01d4c66382,violent_flows,0,1,success_full_clip_on_gate,0.02362060546875,0,0,1,1
violent_flows_violent_flows_001617_85ef45a29308,pcg_db8dc7303e822a7f,violent_flows,1,0,skipped_normal,0.97265625,1,0,1,0
violent_flows_violent_flows_001618_d3bf88beaf45,pcg_3ecfc62c6235498e,violent_flows,0,1,success_full_clip_on_gate,0.0252685546875,0,0,1,1
violent_flows_violent_flows_001619_f0d407f44de1,pcg_b66a1594d3240ced,violent_flows,1,1,success,0.9736328125,1,1,1,1
violent_flows_violent_flows_001622_a7fed2fa8031,pcg_db8dc7303e822a7f,violent_flows,1,0,skipped_normal,0.96875,1,0,1,0
violent_flows_violent_flows_001623_23bfeddc9a8c,pcg_e48f7b73751bdb35,violent_flows,1,0,skipped_normal,0.974609375,1,0,1,0
